id,plot,block,latitude,longitude,survey_year,botanist,esy,exposition,orientation,pc1_soil,pc2_soil,pc3_soil,location,location_abb,location_construction_year,river_km,river_distance,mem1_2017,mem2_2018,mem1_2019,mem1_2021,mem2_2021,construction_year,plot_age,pc1_construction_year,pc2_construction_year,pc3_construction_year,accumulated_cover,species_richness,eveness,shannon,graminoid_cover_ratio,ruderal_cover,ellenberg_richness,ellenberg_richness_ratio,ellenberg_cover_ratio
X01_m_2017,01,1,5418661,4543914,2017,Jakob_Huber_Simon_Reith_Jakob_Strak,R22,south,water,-0.1715,0.4525,-0.4211,Parkstetten-Reibersdorf,PAR,PAR-2008,2318,190.6,-0.7428044894138561,NA,NA,NA,NA,2008,9,-0.7514,-0.1115,0.3944,83.7,23,0.4,1.254,0.92,2.6,12,0.522,0.885
X01_m_2018,01,1,5418661,4543914,2018,Jakob_Huber,R22,south,water,-0.1715,0.4525,-0.4211,Parkstetten-Reibersdorf,PAR,PAR-2008,2318,190.6,NA,-0.4067861068524013,NA,NA,NA,2008,10,-0.7514,-0.1115,0.3944,89.7,26,0.686,2.235,0.735,6.3,12,0.462,0.588
X01_m_2019,01,1,5418661,4543914,2019,Jakob_Huber_Linda_Weggler,R,south,water,-0.1715,0.4525,-0.4211,Parkstetten-Reibersdorf,PAR,PAR-2008,2318,190.6,NA,NA,-0.7428044894138561,NA,NA,2008,11,-0.7514,-0.1115,0.3944,92.9,32,0.765,2.65,0.526,10,13,0.406,0.443
X01_m_2021,01,1,5418661,4543914,2021,Markus Bauer,R,south,water,-0.1715,0.4525,-0.4211,Parkstetten-Reibersdorf,PAR,PAR-2008,2318,190.6,NA,NA,NA,-0.7428044894138561,-0.4067861068524013,2008,13,-0.7514,-0.1115,0.3944,80.8,29,0.583,1.963,0.344,6,12,0.414,0.319
X02_m_2017,02,1,5418670,4543912,2017,Jakob_Huber_Simon_Reith_Jakob_Strak,R22,north,land,0.4911,0.5392,0.2612,Parkstetten-Reibersdorf,PAR,PAR-2008,2318,199.6,-0.74278652036374615,NA,NA,NA,NA,2008,9,-0.7514,-0.1115,0.3944,36.9,40,0.86,3.171,0.591,1,21,0.525,0.661
X02_m_2018,02,1,5418670,4543912,2018,Jakob_Huber,R22,north,land,0.4911,0.5392,0.2612,Parkstetten-Reibersdorf,PAR,PAR-2008,2318,199.6,NA,-0.40680457505764583,NA,NA,NA,2008,10,-0.7514,-0.1115,0.3944,68.5,35,0.775,2.756,0.695,0.5,21,0.6,0.82
X02_m_2019,02,1,5418670,4543912,2019,Jakob_Huber_Linda_Weggler,R22,north,land,0.4911,0.5392,0.2612,Parkstetten-Reibersdorf,PAR,PAR-2008,2318,199.6,NA,NA,-0.74278652036374615,NA,NA,2008,11,-0.7514,-0.1115,0.3944,103.8,41,0.787,2.923,0.471,1,21,0.512,0.445
X02_m_2021,02,1,5418670,4543912,2021,Markus Bauer,R22,north,land,0.4911,0.5392,0.2612,Parkstetten-Reibersdorf,PAR,PAR-2008,2318,199.6,NA,NA,NA,-0.74278652036374615,-0.40680457505764583,2008,13,-0.7514,-0.1115,0.3944,73,44,0.79,2.989,0.323,1,22,0.5,0.488
X03_m_2017,03,2,5418627,4544901,2017,Jakob_Huber_Simon_Reith_Jakob_Strak,R,south,water,0.3988,0.9092,-0.0176,Parkstetten-Reibersdorf,PAR,PAR-2008,2317,511.1,-0.8755842856280017,NA,NA,NA,NA,2008,9,-0.7514,-0.1115,0.3944,80.1,32,0.558,1.933,0.63,20.9,16,0.5,0.206
X03_m_2018,03,2,5418627,4544901,2018,Jakob_Huber,R,south,water,0.3988,0.9092,-0.0176,Parkstetten-Reibersdorf,PAR,PAR-2008,2317,511.1,NA,-0.06046090560666687,NA,NA,NA,2008,10,-0.7514,-0.1115,0.3944,68.6,24,0.739,2.348,0.461,19.4,11,0.458,0.383
X03_m_2019,03,2,5418627,4544901,2019,Jakob_Huber_Linda_Weggler,R,south,water,0.3988,0.9092,-0.0176,Parkstetten-Reibersdorf,PAR,PAR-2008,2317,511.1,NA,NA,-0.8755842856280017,NA,NA,2008,11,-0.7514,-0.1115,0.3944,70.1,29,0.855,2.879,0.375,14.4,11,0.379,0.425
X03_m_2021,03,2,5418627,4544901,2021,Markus Bauer,R1A,south,water,0.3988,0.9092,-0.0176,Parkstetten-Reibersdorf,PAR,PAR-2008,2317,511.1,NA,NA,NA,-0.8755842856280017,-0.06046090560666687,2008,13,-0.7514,-0.1115,0.3944,42.9,24,0.764,2.429,0.333,12.8,12,0.5,0.21
X04_m_2017,04,2,5418639,4544901,2017,Jakob_Huber_Simon_Reith_Jakob_Strak,R,north,land,1.1897,0.4808,0.5396,Parkstetten-Reibersdorf,PAR,PAR-2008,2317,520.4,-0.8755628201849235,NA,NA,NA,NA,2008,9,-0.7514,-0.1115,0.3944,52.7,30,0.453,1.539,0.769,1.5,17,0.567,0.154
X04_m_2018,04,2,5418639,4544901,2018,Jakob_Huber,R,north,land,1.1897,0.4808,0.5396,Parkstetten-Reibersdorf,PAR,PAR-2008,2317,520.4,NA,-0.060496321595263594,NA,NA,NA,2008,10,-0.7514,-0.1115,0.3944,85.3,31,0.621,2.134,0.687,1,15,0.484,0.233
X04_m_2019,04,2,5418639,4544901,2019,Jakob_Huber_Linda_Weggler,R,north,land,1.1897,0.4808,0.5396,Parkstetten-Reibersdorf,PAR,PAR-2008,2317,520.4,NA,NA,-0.8755628201849235,NA,NA,2008,11,-0.7514,-0.1115,0.3944,75.5,31,0.623,2.139,0.719,1.5,15,0.484,0.213
X04_m_2021,04,2,5418639,4544901,2021,Markus Bauer,R1A,north,land,1.1897,0.4808,0.5396,Parkstetten-Reibersdorf,PAR,PAR-2008,2317,520.4,NA,NA,NA,-0.8755628201849235,-0.060496321595263594,2008,13,-0.7514,-0.1115,0.3944,51.9,25,0.682,2.196,0.532,2,10,0.4,0.183
X05_m_2017,05,3,5418126,4545832,2017,Jakob_Huber_Simon_Reith_Jakob_Strak,R22,south,water,-0.5576,0.9911,-0.443,Oebling,OEB,OEB-2012,2316,229.1,-0.9131901640646264,NA,NA,NA,NA,2012,5,1.1355,-0.0252,0.6262,87.4,31,0.608,2.089,0.526,1.5,18,0.581,0.868
X05_m_2018,05,3,5418126,4545832,2018,Jakob_Huber,R1A,south,water,-0.5576,0.9911,-0.443,Oebling,OEB,OEB-2012,2316,229.1,NA,0.1068816774375183,NA,NA,NA,2012,6,1.1355,-0.0252,0.6262,32.8,14,0.75,1.978,0.5,13.3,6,0.429,0.534
X05_m_2019,05,3,5418126,4545832,2019,Jakob_Huber_Linda_Weggler,R1A,south,water,-0.5576,0.9911,-0.443,Oebling,OEB,OEB-2012,2316,229.1,NA,NA,-0.9131901640646264,NA,NA,2012,7,1.1355,-0.0252,0.6262,97,14,0.514,1.357,0.138,64.6,8,0.571,0.291
X05_m_2021,05,3,5418126,4545832,2021,Markus Bauer,R1A,south,water,-0.5576,0.9911,-0.443,Oebling,OEB,OEB-2012,2316,229.1,NA,NA,NA,-0.9131901640646264,0.1068816774375183,2012,9,1.1355,-0.0252,0.6262,31.1,9,0.513,1.126,0.064,19.3,5,0.556,0.08
X06_m_2017,06,3,5418139,4545833,2017,Jakob_Huber_Simon_Reith_Jakob_Strak,R21,north,land,-0.3712,0.9787,-0.94,Oebling,OEB,OEB-2012,2316,222.9,-0.9131749706327376,NA,NA,NA,NA,2012,5,1.1355,-0.0252,0.6262,67.6,20,0.718,2.151,0.259,5.5,11,0.55,0.882
X06_m_2018,06,3,5418139,4545833,2018,Jakob_Huber,R22,north,land,-0.3712,0.9787,-0.94,Oebling,OEB,OEB-2012,2316,222.9,NA,0.1068445018495754,NA,NA,NA,2012,6,1.1355,-0.0252,0.6262,102.1,28,0.691,2.302,0.687,2,15,0.536,0.664
X06_m_2019,06,3,5418139,4545833,2019,Jakob_Huber_Linda_Weggler,R22,north,land,-0.3712,0.9787,-0.94,Oebling,OEB,OEB-2012,2316,222.9,NA,NA,-0.9131749706327376,NA,NA,2012,7,1.1355,-0.0252,0.6262,115.6,27,0.701,2.311,0.338,3.5,15,0.556,0.703
X06_m_2021,06,3,5418139,4545833,2021,Markus Bauer,R,north,land,-0.3712,0.9787,-0.94,Oebling,OEB,OEB-2012,2316,222.9,NA,NA,NA,-0.9131749706327376,0.1068445018495754,2012,9,1.1355,-0.0252,0.6262,74.7,36,0.746,2.672,0.252,1.5,21,0.583,0.566
X09_m_2017,09,5,5417317,4546913,2017,Jakob_Huber_Leonardo_Teixeira,?,south,water,-0.6301,-0.5532,0.7111,Oebling,OEB,OEB-2010,2314,1537.9,-0.9175374335112508,NA,NA,NA,NA,2010,7,-0.7785,-0.4666,-0.7891,44.5,12,0.317,0.788,0.921,1.5,5,0.417,0.921
X09_m_2018,09,5,5417317,4546913,2018,Jakob_Huber,?,south,water,-0.6301,-0.5532,0.7111,Oebling,OEB,OEB-2010,2314,1537.9,NA,0.11856917392150514,NA,NA,NA,2010,8,-0.7785,-0.4666,-0.7891,38.5,3,0.126,0.138,0.974,0,2,0.667,0.987
X09_m_2019,09,5,5417317,4546913,2019,Jakob_Huber_Linda_Weggler,V38,south,water,-0.6301,-0.5532,0.7111,Oebling,OEB,OEB-2010,2314,1537.9,NA,NA,-0.9175374335112508,NA,NA,2010,9,-0.7785,-0.4666,-0.7891,66.5,9,0.16,0.352,0.947,1,3,0.333,0.955
X09_m_2021,09,5,5417317,4546913,2021,Markus Bauer,V38,south,water,-0.6301,-0.5532,0.7111,Oebling,OEB,OEB-2010,2314,1537.9,NA,NA,NA,-0.9175374335112508,0.11856917392150514,2010,11,-0.7785,-0.4666,-0.7891,67,7,0.181,0.352,0.94,0.5,2,0.286,0.94
X10_m_2017,10,5,5417329,4546909,2017,Jakob_Huber_Leonardo_Teixeira,R,north,land,-0.5756,-0.7487,0.7457,Oebling,OEB,OEB-2010,2314,1526.4,-0.9175189631224054,NA,NA,NA,NA,2010,7,-0.7785,-0.4666,-0.7891,69.8,30,0.562,1.912,0.787,1.1,14,0.467,0.864
X10_m_2018,10,5,5417329,4546909,2018,Jakob_Huber,R,north,land,-0.5756,-0.7487,0.7457,Oebling,OEB,OEB-2010,2314,1526.4,NA,0.11850010700519209,NA,NA,NA,2010,8,-0.7785,-0.4666,-0.7891,64.5,24,0.537,1.705,0.803,1.1,11,0.458,0.865
X10_m_2019,10,5,5417329,4546909,2019,Jakob_Huber_Linda_Weggler,R,north,land,-0.5756,-0.7487,0.7457,Oebling,OEB,OEB-2010,2314,1526.4,NA,NA,-0.9175189631224054,NA,NA,2010,9,-0.7785,-0.4666,-0.7891,57.5,21,0.507,1.543,0.739,1.5,11,0.524,0.887
X10_m_2021,10,5,5417329,4546909,2021,Markus Bauer,R,north,land,-0.5756,-0.7487,0.7457,Oebling,OEB,OEB-2010,2314,1526.4,NA,NA,NA,-0.9175189631224054,0.11850010700519209,2010,11,-0.7785,-0.4666,-0.7891,75,23,0.303,0.95,0.853,1,10,0.435,0.913
X11_m_2017,11,6,5417431,4546311,2017,Jakob_Huber_Leonardo_Teixeira,R22,north,water,0.755,-0.2805,0.5257,Oebling,OEB,OEB-2010,2315,1010.1,-0.9156538311834783,NA,NA,NA,NA,2010,7,-0.7785,-0.4666,-0.7891,116.5,38,0.597,2.172,0.712,9.1,16,0.421,0.468
X11_m_2018,11,6,5417431,4546311,2018,Jakob_Huber,R22,north,water,0.755,-0.2805,0.5257,Oebling,OEB,OEB-2010,2315,1010.1,NA,0.11327200307099954,NA,NA,NA,2010,8,-0.7785,-0.4666,-0.7891,83.2,27,0.702,2.312,0.755,6.8,15,0.556,0.654
X11_m_2019,11,6,5417431,4546311,2019,Jakob_Huber_Linda_Weggler,R22,north,water,0.755,-0.2805,0.5257,Oebling,OEB,OEB-2010,2315,1010.1,NA,NA,-0.9156538311834783,NA,NA,2010,9,-0.7785,-0.4666,-0.7891,94,35,0.793,2.819,0.487,7,15,0.429,0.666
X11_m_2021,11,6,5417431,4546311,2021,Markus Bauer,R22,north,water,0.755,-0.2805,0.5257,Oebling,OEB,OEB-2010,2315,1010.1,NA,NA,NA,-0.9156538311834783,0.11327200307099954,2010,11,-0.7785,-0.4666,-0.7891,71,32,0.614,2.129,0.676,6,16,0.5,0.775
X12_m_2017,12,6,5417420,4546311,2017,Jakob_Huber_Leonardo_Teixeira,R22,south,land,0.2399,-1.0336,0.6747,Oebling,OEB,OEB-2010,2315,1016.7,-0.9156620209873562,NA,NA,NA,NA,2010,7,-0.7785,-0.4666,-0.7891,34.6,16,0.771,2.137,0.624,5.5,8,0.5,0.74
X12_m_2018,12,6,5417420,4546311,2018,Jakob_Huber,R22,south,land,0.2399,-1.0336,0.6747,Oebling,OEB,OEB-2010,2315,1016.7,NA,0.11330644315008612,NA,NA,NA,2010,8,-0.7785,-0.4666,-0.7891,24.9,12,0.809,2.01,0.614,0.5,8,0.667,0.586
X12_m_2019,12,6,5417420,4546311,2019,Jakob_Huber_Linda_Weggler,R,south,land,0.2399,-1.0336,0.6747,Oebling,OEB,OEB-2010,2315,1016.7,NA,NA,-0.9156620209873562,NA,NA,2010,9,-0.7785,-0.4666,-0.7891,59.6,17,0.81,2.294,0.159,15.3,9,0.529,0.577
X12_m_2021,12,6,5417420,4546311,2021,Markus Bauer,R22,south,land,0.2399,-1.0336,0.6747,Oebling,OEB,OEB-2010,2315,1016.7,NA,NA,NA,-0.9156620209873562,0.11330644315008612,2010,11,-0.7785,-0.4666,-0.7891,52.1,11,0.669,1.603,0.134,2.5,6,0.545,0.505
X13_m_2017,13,7,5418241,4547375,2017,Jakob_Huber_Leonardo_Teixeira,R22,north,water,0.7402,-2.2834,-2.0008,Oebling,OEB,OEB-2006,2314,624.3,-0.917655185758053,NA,NA,NA,NA,2006,11,0.2419,1.9644,-0.0745,64.9,27,0.656,2.162,0.428,0.5,16,0.593,0.505
X13_m_2018,13,7,5418241,4547375,2018,Jakob_Huber,R22,north,water,0.7402,-2.2834,-2.0008,Oebling,OEB,OEB-2006,2314,624.3,NA,0.11915121222665259,NA,NA,NA,2006,12,0.2419,1.9644,-0.0745,63.4,24,0.729,2.316,0.536,2,16,0.667,0.872
X13_m_2019,13,7,5418241,4547375,2019,Jakob_Huber_Linda_Weggler,R22,north,water,0.7402,-2.2834,-2.0008,Oebling,OEB,OEB-2006,2314,624.3,NA,NA,-0.917655185758053,NA,NA,2006,13,0.2419,1.9644,-0.0745,122.7,30,0.621,2.114,0.331,1,17,0.567,0.898
X13_m_2021,13,7,5418241,4547375,2021,Markus Bauer,R22,north,water,0.7402,-2.2834,-2.0008,Oebling,OEB,OEB-2006,2314,624.3,NA,NA,NA,-0.917655185758053,0.11915121222665259,2006,15,0.2419,1.9644,-0.0745,72.3,27,0.596,1.964,0.18,4.5,15,0.556,0.754
X14_m_2017,14,7,5418234,4547375,2017,Jakob_Huber_Leonardo_Teixeira,R22,south,land,0.698,-1.4548,-0.14,Oebling,OEB,OEB-2006,2314,631.3,-0.9176661496063373,NA,NA,NA,NA,2006,11,0.2419,1.9644,-0.0745,38.5,22,0.649,2.005,0.8,0.5,10,0.455,0.683
X14_m_2018,14,7,5418234,4547375,2018,Jakob_Huber,R22,south,land,0.698,-1.4548,-0.14,Oebling,OEB,OEB-2006,2314,631.3,NA,0.11917629482636143,NA,NA,NA,2006,12,0.2419,1.9644,-0.0745,27.6,17,0.745,2.109,0.627,1.5,6,0.353,0.348
X14_m_2019,14,7,5418234,4547375,2019,Jakob_Huber_Linda_Weggler,R22,south,land,0.698,-1.4548,-0.14,Oebling,OEB,OEB-2006,2314,631.3,NA,NA,-0.9176661496063373,NA,NA,2006,13,0.2419,1.9644,-0.0745,81.2,21,0.832,2.533,0.429,9,9,0.429,0.305
X14_m_2021,14,7,5418234,4547375,2021,Markus Bauer,R,south,land,0.698,-1.4548,-0.14,Oebling,OEB,OEB-2006,2314,631.3,NA,NA,NA,-0.9176661496063373,0.11917629482636143,2006,15,0.2419,1.9644,-0.0745,49.1,22,0.704,2.176,0.566,20.3,7,0.318,0.342
X21_m_2017,21,11,5415944,4555538,2017,Jakob_Huber_Simon_Reith_Jakob_Strak,R22,south,water,-0.7112,-0.669,0.7938,Pfelling,PFE,PFE-2008,2305,484,-0.8406640303605223,NA,NA,NA,NA,2008,9,-0.7514,-0.1115,0.3944,129.3,15,0.509,1.378,0.946,40,7,0.467,0.518
X21_m_2018,21,11,5415944,4555538,2018,Jakob_Huber,R22,south,water,-0.7112,-0.669,0.7938,Pfelling,PFE,PFE-2008,2305,484,NA,0.45026101521964396,NA,NA,NA,2008,10,-0.7514,-0.1115,0.3944,81.2,13,0.418,1.072,0.967,38.1,4,0.308,0.499
X21_m_2019,21,11,5415944,4555538,2019,Jakob_Huber_Linda_Weggler,V38,south,water,-0.7112,-0.669,0.7938,Pfelling,PFE,PFE-2008,2305,484,NA,NA,-0.8406640303605223,NA,NA,2008,11,-0.7514,-0.1115,0.3944,98,23,0.745,2.336,0.397,49.9,9,0.391,0.182
X21_m_2021,21,11,5415944,4555538,2021,Markus Bauer,V38,south,water,-0.7112,-0.669,0.7938,Pfelling,PFE,PFE-2008,2305,484,NA,NA,NA,-0.8406640303605223,0.45026101521964396,2008,13,-0.7514,-0.1115,0.3944,60.9,15,0.802,2.171,0.391,9,5,0.333,0.363
X22_m_2017,22,11,5415946,4555531,2017,Jakob_Huber_Simon_Reith_Jakob_Strak,R,north,land,0.415,-0.0607,1.0979,Pfelling,PFE,PFE-2008,2305,479,-0.8407026765083339,NA,NA,NA,NA,2008,9,-0.7514,-0.1115,0.3944,52.5,19,0.461,1.359,0.79,2.5,10,0.526,0.095
X22_m_2018,22,11,5415946,4555531,2018,Jakob_Huber,R,north,land,0.415,-0.0607,1.0979,Pfelling,PFE,PFE-2008,2305,479,NA,0.45025647432807797,NA,NA,NA,2008,10,-0.7514,-0.1115,0.3944,51,15,0.435,1.179,0.853,1,7,0.467,0.137
X22_m_2019,22,11,5415946,4555531,2019,Jakob_Huber_Linda_Weggler,R,north,land,0.415,-0.0607,1.0979,Pfelling,PFE,PFE-2008,2305,479,NA,NA,-0.8407026765083339,NA,NA,2008,11,-0.7514,-0.1115,0.3944,101.2,21,0.52,1.585,0.729,1,11,0.524,0.11
X22_m_2021,22,11,5415946,4555531,2021,Markus Bauer,R,north,land,0.415,-0.0607,1.0979,Pfelling,PFE,PFE-2008,2305,479,NA,NA,NA,-0.8407026765083339,0.45025647432807797,2008,13,-0.7514,-0.1115,0.3944,33.8,16,0.644,1.786,0.704,1.5,6,0.375,0.178
X23_m_2017,23,12,5416175,4555683,2017,Jakob_Huber_Simon_Reith_Jakob_Strak,R,south,water,0.6912,-0.0516,0.8196,Pfelling,PFE,PFE-2008,2305,730,-0.8399975834439426,NA,NA,NA,NA,2008,9,-0.7514,-0.1115,0.3944,64.3,27,0.555,1.829,0.793,9.1,12,0.444,0.165
X23_m_2018,23,12,5416175,4555683,2018,Jakob_Huber,R,south,water,0.6912,-0.0516,0.8196,Pfelling,PFE,PFE-2008,2305,730,NA,0.44985521022704256,NA,NA,NA,2008,10,-0.7514,-0.1115,0.3944,46.7,36,0.788,2.824,0.66,2,14,0.389,0.493
X23_m_2019,23,12,5416175,4555683,2019,Jakob_Huber_Linda_Weggler,R,south,water,0.6912,-0.0516,0.8196,Pfelling,PFE,PFE-2008,2305,730,NA,NA,-0.8399975834439426,NA,NA,2008,11,-0.7514,-0.1115,0.3944,81.5,41,0.838,3.113,0.557,6.6,19,0.463,0.555
X23_m_2021,23,12,5416175,4555683,2021,Markus Bauer,V38,south,water,0.6912,-0.0516,0.8196,Pfelling,PFE,PFE-2008,2305,730,NA,NA,NA,-0.8399975834439426,0.44985521022704256,2008,13,-0.7514,-0.1115,0.3944,68.7,30,0.748,2.546,0.595,11.8,12,0.4,0.496
X24_m_2017,24,12,5416180,4555677,2017,Jakob_Huber_Simon_Reith_Jakob_Strak,R,north,land,0.5672,0.0244,1.02,Pfelling,PFE,PFE-2008,2305,728,-0.8400324809982246,NA,NA,NA,NA,2008,9,-0.7514,-0.1115,0.3944,58.8,30,0.511,1.739,0.731,1.1,18,0.6,0.19
X24_m_2018,24,12,5416180,4555677,2018,Jakob_Huber,R,north,land,0.5672,0.0244,1.02,Pfelling,PFE,PFE-2008,2305,728,NA,0.44984542088769497,NA,NA,NA,2008,10,-0.7514,-0.1115,0.3944,56.1,24,0.5,1.59,0.856,0.5,10,0.417,0.196
X24_m_2019,24,12,5416180,4555677,2019,Jakob_Huber_Linda_Weggler,R,north,land,0.5672,0.0244,1.02,Pfelling,PFE,PFE-2008,2305,728,NA,NA,-0.8400324809982246,NA,NA,2008,11,-0.7514,-0.1115,0.3944,86.5,31,0.861,2.957,0.508,1,13,0.419,0.492
X24_m_2021,24,12,5416180,4555677,2021,Markus Bauer,R,north,land,0.5672,0.0244,1.02,Pfelling,PFE,PFE-2008,2305,728,NA,NA,NA,-0.8400324809982246,0.44984542088769497,2008,13,-0.7514,-0.1115,0.3944,69.5,25,0.611,1.967,0.698,4.5,11,0.44,0.683
X27_m_2017,27,14,5412036,4554294,2017,Jakob_Huber_Simon_Reith,R22,north,water,-0.5712,-0.5229,1.4707,Irlbach,IRL,IRL-2011,2301,1932.1,-0.7525928346832432,NA,NA,NA,NA,2011,6,-0.2795,-0.2306,-0.9709,43.8,30,0.653,2.221,0.756,1.5,16,0.533,0.824
X27_m_2018,27,14,5412036,4554294,2018,Jakob_Huber,R22,north,water,-0.5712,-0.5229,1.4707,Irlbach,IRL,IRL-2011,2301,1932.1,NA,0.6024443014866069,NA,NA,NA,2011,7,-0.2795,-0.2306,-0.9709,78.9,30,0.605,2.059,0.819,3.1,15,0.5,0.915
X27_m_2019,27,14,5412036,4554294,2019,Jakob_Huber_Linda_Weggler,R22,north,water,-0.5712,-0.5229,1.4707,Irlbach,IRL,IRL-2011,2301,1932.1,NA,NA,-0.7525928346832432,NA,NA,2011,8,-0.2795,-0.2306,-0.9709,98.7,33,0.688,2.405,0.73,2.6,16,0.485,0.855
X27_m_2021,27,14,5412036,4554294,2021,Markus Bauer,R22,north,water,-0.5712,-0.5229,1.4707,Irlbach,IRL,IRL-2011,2301,1932.1,NA,NA,NA,-0.7525928346832432,0.6024443014866069,2011,10,-0.2795,-0.2306,-0.9709,80.6,37,0.739,2.668,0.653,9,19,0.514,0.758
X28_m_2017,28,14,5412027,4554292,2017,Jakob_Huber_Simon_Reith,R22,south,land,-0.574,-0.409,0.9978,Irlbach,IRL,IRL-2011,2301,1934.8,-0.7525648627841478,NA,NA,NA,NA,2011,6,-0.2795,-0.2306,-0.9709,53,17,0.475,1.347,0.849,1,11,0.647,0.858
X28_m_2018,28,14,5412027,4554292,2018,Jakob_Huber,R,south,land,-0.574,-0.409,0.9978,Irlbach,IRL,IRL-2011,2301,1934.8,NA,0.6024235489824277,NA,NA,NA,2011,7,-0.2795,-0.2306,-0.9709,66.4,13,0.64,1.641,0.679,0,10,0.769,0.151
X28_m_2019,28,14,5412027,4554292,2019,Jakob_Huber_Linda_Weggler,R,south,land,-0.574,-0.409,0.9978,Irlbach,IRL,IRL-2011,2301,1934.8,NA,NA,-0.7525648627841478,NA,NA,2011,8,-0.2795,-0.2306,-0.9709,89.2,15,0.723,1.957,0.318,3.5,5,0.333,0.309
X28_m_2021,28,14,5412027,4554292,2021,Markus Bauer,R,south,land,-0.574,-0.409,0.9978,Irlbach,IRL,IRL-2011,2301,1934.8,NA,NA,NA,-0.7525648627841478,0.6024235489824277,2011,10,-0.2795,-0.2306,-0.9709,58.4,14,0.665,1.756,0.755,4.5,6,0.429,0.103
X34_o_2017,34,17,5412659,4555704,2017,Jakob_Huber_Simon_Reith_Jakob_Strak,R22,south,land,0.0251,0.0608,-0.6397,Irlbach,IRL,IRL-2003,2301,516.4,-0.5783084307083223,NA,NA,NA,NA,2003,14,-0.2763,-0.9022,1.9349,38.8,19,0.687,2.022,0.562,0,12,0.632,0.704
X34_o_2018,34,17,5412659,4555704,2018,Jakob_Huber_Linda_Weggler_Laura_Baeumler,R22,south,land,0.0251,0.0608,-0.6397,Irlbach,IRL,IRL-2003,2301,516.4,NA,0.8392105057121108,NA,NA,NA,2003,15,-0.2763,-0.9022,1.9349,85.9,32,0.721,2.5,0.749,2.1,15,0.469,0.717
X34_o_2019,34,17,5412659,4555704,2019,Jakob_Huber_Linda_Weggler,R22,south,land,0.0251,0.0608,-0.6397,Irlbach,IRL,IRL-2003,2301,516.4,NA,NA,-0.5783084307083223,NA,NA,2003,16,-0.2763,-0.9022,1.9349,90.7,35,0.81,2.881,0.602,1.5,17,0.486,0.682
X34_o_2021,34,17,5412659,4555704,2021,Markus Bauer,R,south,land,0.0251,0.0608,-0.6397,Irlbach,IRL,IRL-2003,2301,516.4,NA,NA,NA,-0.5783084307083223,0.8392105057121108,2003,18,-0.2763,-0.9022,1.9349,36.8,12,0.711,1.768,0.511,2,5,0.417,0.204
X39_m_2017,39,20,5411096,4567747,2017,Jakob_Huber_Jakob_Strak,R21,north,water,-1.7667,-0.2672,-0.469,Natternberg,"NAT","NAT-2013",2287,480.6,1.293260167405732,NA,NA,NA,NA,2013,4,-0.3107,0.8715,0.8865,106.6,31,0.675,2.317,0.381,13.3,15,0.484,0.761
X39_m_2018,39,20,5411096,4567747,2018,Jakob_Huber,R,north,water,-1.7667,-0.2672,-0.469,Natternberg,"NAT","NAT-2013",2287,480.6,NA,0.9829340381834994,NA,NA,NA,2013,5,-0.3107,0.8715,0.8865,147.1,32,0.584,2.025,0.574,6.5,14,0.438,0.779
X39_m_2019,39,20,5411096,4567747,2019,Jakob_Huber_Linda_Weggler,R22,north,water,-1.7667,-0.2672,-0.469,Natternberg,"NAT","NAT-2013",2287,480.6,NA,NA,1.293260167405732,NA,NA,2013,6,-0.3107,0.8715,0.8865,142.9,39,0.846,3.098,0.507,27.3,16,0.41,0.472
X39_m_2021,39,20,5411096,4567747,2021,Markus Bauer,R,north,water,-1.7667,-0.2672,-0.469,Natternberg,"NAT","NAT-2013",2287,480.6,NA,NA,NA,1.293260167405732,0.9829340381834994,2013,8,-0.3107,0.8715,0.8865,128.7,27,0.731,2.41,0.657,34.1,10,0.37,0.42
X40_m_2017,40,20,5411081,4567737,2017,Jakob_Huber_Jakob_Strak,R,south,land,0.2595,0.8512,-0.9844,Natternberg,"NAT","NAT-2013",2287,498.6,1.2604146907720755,NA,NA,NA,NA,2013,4,-0.3107,0.8715,0.8865,51,25,0.74,2.383,0.137,1.1,11,0.44,0.524
X40_m_2018,40,20,5411081,4567737,2018,Jakob_Huber,R22,south,land,0.2595,0.8512,-0.9844,Natternberg,"NAT","NAT-2013",2287,498.6,NA,1.1404961176322346,NA,NA,NA,2013,5,-0.3107,0.8715,0.8865,96.5,29,0.748,2.519,0.582,1,12,0.414,0.578
X40_m_2019,40,20,5411081,4567737,2019,Jakob_Huber_Linda_Weggler,R22,south,land,0.2595,0.8512,-0.9844,Natternberg,"NAT","NAT-2013",2287,498.6,NA,NA,1.2604146907720755,NA,NA,2013,6,-0.3107,0.8715,0.8865,100.2,32,0.859,2.979,0.435,6.5,14,0.438,0.435
X40_m_2021,40,20,5411081,4567737,2021,Markus Bauer,R22,south,land,0.2595,0.8512,-0.9844,Natternberg,"NAT","NAT-2013",2287,498.6,NA,NA,NA,1.2604146907720755,1.1404961176322346,2013,8,-0.3107,0.8715,0.8865,102,29,0.74,2.492,0.558,12.8,13,0.448,0.553
X41_m_2017,41,21,5410515,4568793,2017,Jakob_Huber_Simon_Reith_Jakob_Strak,R22,north,water,-0.7066,-0.0099,-0.9289,Natternberg,"NAT","NAT-2013",2286,440.8,1.2956023654973945,NA,NA,NA,NA,2013,4,-0.3107,0.8715,0.8865,144.1,26,0.579,1.885,0.366,1,13,0.5,0.698
X41_m_2018,41,21,5410515,4568793,2018,Jakob_Huber,R22,north,water,-0.7066,-0.0099,-0.9289,Natternberg,"NAT","NAT-2013",2286,440.8,NA,0.982117211034381,NA,NA,NA,2013,5,-0.3107,0.8715,0.8865,97.1,27,0.724,2.387,0.565,3,14,0.519,0.514
X41_m_2019,41,21,5410515,4568793,2019,Jakob_Huber_Linda_Weggler,R22,north,water,-0.7066,-0.0099,-0.9289,Natternberg,"NAT","NAT-2013",2286,440.8,NA,NA,1.2956023654973945,NA,NA,2013,6,-0.3107,0.8715,0.8865,146.5,38,0.784,2.853,0.591,20.8,18,0.474,0.392
X41_m_2021,41,21,5410515,4568793,2021,Markus Bauer,R22,north,water,-0.7066,-0.0099,-0.9289,Natternberg,"NAT","NAT-2013",2286,440.8,NA,NA,NA,1.2956023654973945,0.982117211034381,2013,8,-0.3107,0.8715,0.8865,137.4,20,0.648,1.942,0.896,18.8,10,0.5,0.82
X42_m_2017,42,21,5410497,4568788,2017,Jakob_Huber_Simon_Reith_Jakob_Strak,R22,south,land,-1.147,0.0464,-0.339,Natternberg,"NAT","NAT-2013",2286,458.5,1.2956282022061272,NA,NA,NA,NA,2013,4,-0.3107,0.8715,0.8865,61.4,33,0.652,2.281,0.116,1.7,17,0.515,0.865
X42_m_2018,42,21,5410497,4568788,2018,Jakob_Huber,R22,south,land,-1.147,0.0464,-0.339,Natternberg,"NAT","NAT-2013",2286,458.5,NA,0.9820960818667819,NA,NA,NA,2013,5,-0.3107,0.8715,0.8865,61.4,24,0.675,2.146,0.493,1,13,0.542,0.539
X42_m_2019,42,21,5410497,4568788,2019,Jakob_Huber_Linda_Weggler,R22,south,land,-1.147,0.0464,-0.339,Natternberg,"NAT","NAT-2013",2286,458.5,NA,NA,1.2956282022061272,NA,NA,2013,6,-0.3107,0.8715,0.8865,111.2,28,0.677,2.256,0.548,1.1,13,0.464,0.581
X42_m_2021,42,21,5410497,4568788,2021,Markus Bauer,R22,south,land,-1.147,0.0464,-0.339,Natternberg,"NAT","NAT-2013",2286,458.5,NA,NA,NA,1.2956282022061272,0.9820960818667819,2013,8,-0.3107,0.8715,0.8865,70.4,22,0.622,1.923,0.837,1,11,0.5,0.662
X43_m_2017,43,22,5411573,4568255,2017,Jakob_Huber_Jakob_Strak,R1A,south,water,-0.8404,0.1698,0.0852,Deggendorf_West,DEG,DEG-2007,2287,186.8,1.2928515462160095,NA,NA,NA,NA,2007,10,0.0508,-0.8398,0.8966,100.5,19,0.557,1.64,0.876,7,10,0.526,0.899
X43_m_2018,43,22,5411573,4568255,2018,Jakob_Huber,R1A,south,water,-0.8404,0.1698,0.0852,Deggendorf_West,DEG,DEG-2007,2287,186.8,NA,0.9831774132012379,NA,NA,NA,2007,11,0.0508,-0.8398,0.8966,87.2,18,0.641,1.854,0.919,4.5,9,0.5,0.861
X43_m_2019,43,22,5411573,4568255,2019,Jakob_Huber_Linda_Weggler,R,south,water,-0.8404,0.1698,0.0852,Deggendorf_West,DEG,DEG-2007,2287,186.8,NA,NA,1.2928515462160095,NA,NA,2007,12,0.0508,-0.8398,0.8966,66.9,21,0.692,2.108,0.659,4,10,0.476,0.821
X43_m_2021,43,22,5411573,4568255,2021,Markus Bauer,R1A,south,water,-0.8404,0.1698,0.0852,Deggendorf_West,DEG,DEG-2007,2287,186.8,NA,NA,NA,1.2928515462160095,0.9831774132012379,2007,14,0.0508,-0.8398,0.8966,73.1,13,0.552,1.416,0.722,1.5,6,0.462,0.932
X44_m_2017,44,22,5411582,4568262,2017,Jakob_Huber_Jakob_Strak,R,north,land,0.4377,0.7878,0.1938,Deggendorf_West,DEG,DEG-2007,2287,198.1,1.2928366221672505,NA,NA,NA,NA,2007,10,0.0508,-0.8398,0.8966,55.2,29,0.483,1.626,0.861,0.5,17,0.586,0.871
X44_m_2018,44,22,5411582,4568262,2018,Jakob_Huber,R22,north,land,0.4377,0.7878,0.1938,Deggendorf_West,DEG,DEG-2007,2287,198.1,NA,0.9831766237966125,NA,NA,NA,2007,11,0.0508,-0.8398,0.8966,127.5,22,0.628,1.942,0.956,1,12,0.545,0.797
X44_m_2019,44,22,5411582,4568262,2019,Jakob_Huber_Linda_Weggler,R1A,north,land,0.4377,0.7878,0.1938,Deggendorf_West,DEG,DEG-2007,2287,198.1,NA,NA,1.2928366221672505,NA,NA,2007,12,0.0508,-0.8398,0.8966,72.5,20,0.527,1.578,0.921,2,13,0.65,0.931
X44_m_2021,44,22,5411582,4568262,2021,Markus Bauer,R,north,land,0.4377,0.7878,0.1938,Deggendorf_West,DEG,DEG-2007,2287,198.1,NA,NA,NA,1.2928366221672505,0.9831766237966125,2007,14,0.0508,-0.8398,0.8966,55.5,25,0.495,1.592,0.766,2,16,0.64,0.838
X45_m_2017,45,23,5411360,4568677,2017,Jakob_Huber_Jakob_Strak,R,south,water,-0.3195,0.1839,-0.0236,Deggendorf_West,DEG,DEG-2007,2286,213.7,1.2938073231664033,NA,NA,NA,NA,2007,10,0.0508,-0.8398,0.8966,71.9,25,0.514,1.655,0.908,2,13,0.52,0.922
X45_m_2018,45,23,5411360,4568677,2018,Jakob_Huber,R1A,south,water,-0.3195,0.1839,-0.0236,Deggendorf_West,DEG,DEG-2007,2286,213.7,NA,0.9829433400090906,NA,NA,NA,2007,11,0.0508,-0.8398,0.8966,71.3,17,0.717,2.031,0.879,1,11,0.647,0.59
X45_m_2019,45,23,5411360,4568677,2019,Jakob_Huber_Linda_Weggler,R1A,south,water,-0.3195,0.1839,-0.0236,Deggendorf_West,DEG,DEG-2007,2286,213.7,NA,NA,1.2938073231664033,NA,NA,2007,12,0.0508,-0.8398,0.8966,69.3,17,0.576,1.632,0.413,1.6,8,0.471,0.925
X45_m_2021,45,23,5411360,4568677,2021,Markus Bauer,R1A,south,water,-0.3195,0.1839,-0.0236,Deggendorf_West,DEG,DEG-2007,2286,213.7,NA,NA,NA,1.2938073231664033,0.9829433400090906,2007,14,0.0508,-0.8398,0.8966,63.8,11,0.482,1.156,0.326,0.5,7,0.636,0.945
X46_m_2017,46,23,5411372,4568682,2017,Jakob_Huber_Jakob_Strak,R22,north,land,0.1217,0.5595,-0.8759,Deggendorf_West,DEG,DEG-2007,2286,226.6,1.2937826378255233,NA,NA,NA,NA,2007,10,0.0508,-0.8398,0.8966,81.8,29,0.725,2.442,0.793,4.5,20,0.69,0.872
X46_m_2018,46,23,5411372,4568682,2018,Jakob_Huber,R22,north,land,0.1217,0.5595,-0.8759,Deggendorf_West,DEG,DEG-2007,2286,226.6,NA,0.9829436627316372,NA,NA,NA,2007,11,0.0508,-0.8398,0.8966,61.2,20,0.68,2.038,0.81,0.5,13,0.65,0.925
X46_m_2019,46,23,5411372,4568682,2019,Jakob_Huber_Linda_Weggler,R,north,land,0.1217,0.5595,-0.8759,Deggendorf_West,DEG,DEG-2007,2286,226.6,NA,NA,1.2937826378255233,NA,NA,2007,12,0.0508,-0.8398,0.8966,84.5,20,0.422,1.263,0.864,2,14,0.7,0.929
X46_m_2021,46,23,5411372,4568682,2021,Markus Bauer,R,north,land,0.1217,0.5595,-0.8759,Deggendorf_West,DEG,DEG-2007,2286,226.6,NA,NA,NA,1.2937826378255233,0.9829436627316372,2007,14,0.0508,-0.8398,0.8966,76,22,0.317,0.98,0.868,1,12,0.545,0.934
X51_m_2017,51,26,5404855,4571060,2017,Jakob_Huber_Simon_Reith_Jakob_Strak,R22,south,water,-0.5363,0.5365,-0.6406,Stoegermuehlbach,STO,STO-2002,2278,1318.5,1.385887826409484,NA,NA,NA,NA,2002,15,1.512,-0.647,-0.7922,44.2,42,0.899,3.36,0.554,4,21,0.5,0.548
X51_m_2018,51,26,5404855,4571060,2018,Jakob_Huber,R22,south,water,-0.5363,0.5365,-0.6406,Stoegermuehlbach,STO,STO-2002,2278,1318.5,NA,-0.11773760779405754,NA,NA,NA,2002,16,1.512,-0.647,-0.7922,75.9,30,0.759,2.583,0.78,1.5,16,0.533,0.718
X51_m_2019,51,26,5404855,4571060,2019,Jakob_Huber_Linda_Weggler,R22,south,water,-0.5363,0.5365,-0.6406,Stoegermuehlbach,STO,STO-2002,2278,1318.5,NA,NA,1.385887826409484,NA,NA,2002,17,1.512,-0.647,-0.7922,90.5,33,0.861,3.009,0.495,12,15,0.455,0.446
X51_m_2021,51,26,5404855,4571060,2021,Markus Bauer,R,south,water,-0.5363,0.5365,-0.6406,Stoegermuehlbach,STO,STO-2002,2278,1318.5,NA,NA,NA,1.385887826409484,-0.11773760779405754,2002,19,1.512,-0.647,-0.7922,53.9,25,0.81,2.607,0.451,9.8,10,0.4,0.494
X53_m_2017,53,27,5404794,4570793,2017,Jakob_Huber,R,south,water,-1.4063,0.4311,0.1999,Stoegermuehlbach,STO,STO-2002,2278,1133.9,1.385932735769174,NA,NA,NA,NA,2002,15,1.512,-0.647,-0.7922,86.1,28,0.388,1.292,0.857,0.1,13,0.464,0.804
X53_m_2018,53,27,5404794,4570793,2018,Jakob_Huber,R,south,water,-1.4063,0.4311,0.1999,Stoegermuehlbach,STO,STO-2002,2278,1133.9,NA,-0.11663475323647916,NA,NA,NA,2002,16,1.512,-0.647,-0.7922,68.4,13,0.185,0.476,0.958,0.5,4,0.308,0.93
X53_m_2019,53,27,5404794,4570793,2019,Jakob_Huber_Linda_Weggler,R,south,water,-1.4063,0.4311,0.1999,Stoegermuehlbach,STO,STO-2002,2278,1133.9,NA,NA,1.385932735769174,NA,NA,2002,17,1.512,-0.647,-0.7922,69.6,29,0.598,2.014,0.718,1.5,16,0.552,0.792
X53_m_2021,53,27,5404794,4570793,2021,Markus Bauer,R,south,water,-1.4063,0.4311,0.1999,Stoegermuehlbach,STO,STO-2002,2278,1133.9,NA,NA,NA,1.385932735769174,-0.11663475323647916,2002,19,1.512,-0.647,-0.7922,46.5,16,0.357,0.991,0.86,0,7,0.438,0.903
X54_m_2017,54,27,5404803,4570789,2017,Jakob_Huber_Simon_Reith_Jakob_Strak,R,north,land,-0.9746,0.4349,1.1187,Stoegermuehlbach,STO,STO-2002,2278,1125.5,1.3859613322381035,NA,NA,NA,NA,2002,15,1.512,-0.647,-0.7922,61.1,29,0.533,1.795,0.802,1,12,0.414,0.697
X54_m_2018,54,27,5404803,4570789,2018,Jakob_Huber,R,north,land,-0.9746,0.4349,1.1187,Stoegermuehlbach,STO,STO-2002,2278,1125.5,NA,-0.11647168789586881,NA,NA,NA,2002,16,1.512,-0.647,-0.7922,90.4,29,0.433,1.459,0.827,0.6,15,0.517,0.802
X54_m_2019,54,27,5404803,4570789,2019,Jakob_Huber_Linda_Weggler,R,north,land,-0.9746,0.4349,1.1187,Stoegermuehlbach,STO,STO-2002,2278,1125.5,NA,NA,1.3859613322381035,NA,NA,2002,17,1.512,-0.647,-0.7922,55.3,25,0.783,2.52,0.566,0.5,13,0.52,0.684
X54_m_2021,54,27,5404803,4570789,2021,Markus Bauer,R,north,land,-0.9746,0.4349,1.1187,Stoegermuehlbach,STO,STO-2002,2278,1125.5,NA,NA,NA,1.3859613322381035,-0.11647168789586881,2002,19,1.512,-0.647,-0.7922,46.1,33,0.68,2.377,0.61,0.5,17,0.515,0.614
X55_m_2017,55,28,5393648,4582311,2017,Jakob_Huber_Simon_Reith_Jakob_Strak,R,south,water,0.1499,-2.0227,-0.5676,Hofkirchen,HOF,HOF-2012,2256,182.4,0.4014688031380826,NA,NA,NA,NA,2012,5,1.1355,-0.0252,0.6262,66.2,26,0.545,1.775,0.782,5.1,12,0.462,0.302
X55_m_2018,55,28,5393648,4582311,2018,Jakob_Huber,R22,south,water,0.1499,-2.0227,-0.5676,Hofkirchen,HOF,HOF-2012,2256,182.4,NA,-2.6169050713655264,NA,NA,NA,2012,6,1.1355,-0.0252,0.6262,105.5,21,0.669,2.038,0.801,6.1,9,0.429,0.591
X55_m_2019,55,28,5393648,4582311,2019,Jakob_Huber_Linda_Weggler,R22,south,water,0.1499,-2.0227,-0.5676,Hofkirchen,HOF,HOF-2012,2256,182.4,NA,NA,0.4014688031380826,NA,NA,2012,7,1.1355,-0.0252,0.6262,128,35,0.78,2.773,0.638,8.6,15,0.429,0.738
X55_m_2021,55,28,5393648,4582311,2021,Markus Bauer,R,south,water,0.1499,-2.0227,-0.5676,Hofkirchen,HOF,HOF-2012,2256,182.4,NA,NA,NA,0.4014688031380826,-2.6169050713655264,2012,9,1.1355,-0.0252,0.6262,88.4,28,0.662,2.205,0.691,9.5,13,0.464,0.791
X56_m_2017,56,28,5393656,4582309,2017,Jakob_Huber_Simon_Reith_Jakob_Strak,R22,north,land,0.3274,-0.9129,0.0657,Hofkirchen,HOF,HOF-2012,2256,180.6,0.4014729988860965,NA,NA,NA,NA,2012,5,1.1355,-0.0252,0.6262,45.4,40,0.857,3.162,0.469,1,25,0.625,0.615
X56_m_2018,56,28,5393656,4582309,2018,Jakob_Huber,R,north,land,0.3274,-0.9129,0.0657,Hofkirchen,HOF,HOF-2012,2256,180.6,NA,-2.6169517602272654,NA,NA,NA,2012,6,1.1355,-0.0252,0.6262,81,33,0.833,2.914,0.427,0,22,0.667,0.569
X56_m_2019,56,28,5393656,4582309,2019,Jakob_Huber_Linda_Weggler,R,north,land,0.3274,-0.9129,0.0657,Hofkirchen,HOF,HOF-2012,2256,180.6,NA,NA,0.4014729988860965,NA,NA,2012,7,1.1355,-0.0252,0.6262,146.5,33,0.759,2.654,0.267,0.5,22,0.667,0.702
X56_m_2021,56,28,5393656,4582309,2021,Markus Bauer,R,north,land,0.3274,-0.9129,0.0657,Hofkirchen,HOF,HOF-2012,2256,180.6,NA,NA,NA,0.4014729988860965,-2.6169517602272654,2012,9,1.1355,-0.0252,0.6262,112.6,38,0.754,2.743,0.216,0.5,25,0.658,0.513
X61_o_2017,61,31,5398153,4575179,2017,Jakob_Huber_Simon_Reith_Jakob_Strak,R,north,water,0.1075,0.5728,-0.2535,Muehlham-Ruckasing,MUE,MUE-2007,2269,70.1,0.8119826700602276,NA,NA,NA,NA,2007,10,0.0508,-0.8398,0.8966,80.6,29,0.367,1.237,0.868,1.6,14,0.483,0.143
X61_o_2018,61,31,5398153,4575179,2018,Jakob_Huber,R,north,water,0.1075,0.5728,-0.2535,Muehlham-Ruckasing,MUE,MUE-2007,2269,70.1,NA,-2.734300897735415,NA,NA,NA,2007,11,0.0508,-0.8398,0.8966,103.5,29,0.467,1.574,0.81,1.6,15,0.517,0.274
X61_o_2019,61,31,5398153,4575179,2019,Jakob_Huber_Linda_Weggler,R,north,water,0.1075,0.5728,-0.2535,Muehlham-Ruckasing,MUE,MUE-2007,2269,70.1,NA,NA,0.8119826700602276,NA,NA,2007,12,0.0508,-0.8398,0.8966,96.5,36,0.686,2.457,0.526,2.5,20,0.556,0.365
X61_o_2021,61,31,5398153,4575179,2021,Markus Bauer,R,north,water,0.1075,0.5728,-0.2535,Muehlham-Ruckasing,MUE,MUE-2007,2269,70.1,NA,NA,NA,0.8119826700602276,-2.734300897735415,2007,14,0.0508,-0.8398,0.8966,103.8,33,0.518,1.811,0.641,1,19,0.576,0.268
X62_m_2017,62,31,5398141,4575175,2017,Jakob_Huber,R,south,land,0.7871,0.4037,0.0939,Muehlham-Ruckasing,MUE,MUE-2007,2269,81.5,0.8119598236402176,NA,NA,NA,NA,2007,10,0.0508,-0.8398,0.8966,58.2,19,0.527,1.552,0.103,6,9,0.474,0.785
X62_m_2018,62,31,5398141,4575175,2018,Jakob_Huber,V38,south,land,0.7871,0.4037,0.0939,Muehlham-Ruckasing,MUE,MUE-2007,2269,81.5,NA,-2.7343167167540763,NA,NA,NA,2007,11,0.0508,-0.8398,0.8966,75.2,18,0.535,1.546,0.177,19.8,7,0.389,0.649
X62_m_2019,62,31,5398141,4575175,2019,Jakob_Huber_Linda_Weggler,R,south,land,0.7871,0.4037,0.0939,Muehlham-Ruckasing,MUE,MUE-2007,2269,81.5,NA,NA,0.8119598236402176,NA,NA,2007,12,0.0508,-0.8398,0.8966,75.1,21,0.62,1.889,0.15,10.3,9,0.429,0.683
X62_m_2021,62,31,5398141,4575175,2021,Markus Bauer,V38,south,land,0.7871,0.4037,0.0939,Muehlham-Ruckasing,MUE,MUE-2007,2269,81.5,NA,NA,NA,0.8119598236402176,-2.7343167167540763,2007,14,0.0508,-0.8398,0.8966,43.4,14,0.631,1.666,0.456,9.8,5,0.357,0.671
X63_m_2017,63,32,5418240,4543373,2017,Jakob_Huber_Jakob_Strak,R1A,south,water,0.1487,0.7664,-0.6738,Parkstetten-Reibersdorf,PAR,PAR-2008,2319,109.8,-0.5504236161313554,NA,NA,NA,NA,2008,9,-0.7514,-0.1115,0.3944,65.8,33,0.648,2.265,0.526,22.9,15,0.455,0.274
X63_m_2018,63,32,5418240,4543373,2018,Jakob_Huber,?,south,water,0.1487,0.7664,-0.6738,Parkstetten-Reibersdorf,PAR,PAR-2008,2319,109.8,NA,-0.7459031348643979,NA,NA,NA,2008,10,-0.7514,-0.1115,0.3944,99.3,35,0.656,2.332,0.519,14.8,17,0.486,0.55
X63_m_2019,63,32,5418240,4543373,2019,Jakob_Huber_Linda_Weggler,R,south,water,0.1487,0.7664,-0.6738,Parkstetten-Reibersdorf,PAR,PAR-2008,2319,109.8,NA,NA,-0.5504236161313554,NA,NA,2008,11,-0.7514,-0.1115,0.3944,93.5,38,0.778,2.829,0.518,13.8,14,0.368,0.534
X63_m_2021,63,32,5418240,4543373,2021,Markus Bauer,R1A,south,water,0.1487,0.7664,-0.6738,Parkstetten-Reibersdorf,PAR,PAR-2008,2319,109.8,NA,NA,NA,-0.5504236161313554,-0.7459031348643979,2008,13,-0.7514,-0.1115,0.3944,86.6,22,0.61,1.886,0.508,20.8,7,0.318,0.548
X64_m_2017,64,32,5418247,4543362,2017,Jakob_Huber_Simon_Reith_Jakob_Strak,R22,north,land,2.2407,0.7158,0.106,Parkstetten-Reibersdorf,PAR,PAR-2008,2319,122.8,-0.5503937668891039,NA,NA,NA,NA,2008,9,-0.7514,-0.1115,0.3944,28.7,37,0.911,3.288,0.505,3.6,17,0.459,0.453
X64_m_2018,64,32,5418247,4543362,2018,Jakob_Huber,R,north,land,2.2407,0.7158,0.106,Parkstetten-Reibersdorf,PAR,PAR-2008,2319,122.8,NA,-0.745917012894453,NA,NA,NA,2008,10,-0.7514,-0.1115,0.3944,56,32,0.815,2.825,0.537,2,15,0.469,0.471
X64_m_2019,64,32,5418247,4543362,2019,Jakob_Huber_Linda_Weggler,R,north,land,2.2407,0.7158,0.106,Parkstetten-Reibersdorf,PAR,PAR-2008,2319,122.8,NA,NA,-0.5503937668891039,NA,NA,2008,11,-0.7514,-0.1115,0.3944,63.9,37,0.886,3.2,0.432,1.5,19,0.514,0.509
X64_m_2021,64,32,5418247,4543362,2021,Markus Bauer,R,north,land,2.2407,0.7158,0.106,Parkstetten-Reibersdorf,PAR,PAR-2008,2319,122.8,NA,NA,NA,-0.5503937668891039,-0.745917012894453,2008,13,-0.7514,-0.1115,0.3944,59.9,38,0.72,2.62,0.377,1.5,18,0.474,0.339
X65_m_2017,65,33,5405220,4572285,2017,Jakob_Huber_Simon_Reith_Jakob_Strak,R,south,land,0.1964,-0.0403,-0.9718,Stoegermuehlbach,STO,STO-2002,2278,1726.1,1.3849616038230512,NA,NA,NA,NA,2002,15,1.512,-0.647,-0.7922,84.8,29,0.602,2.028,0.601,0.5,19,0.655,0.666
X65_m_2018,65,33,5405220,4572285,2018,Jakob_Huber,R,south,land,0.1964,-0.0403,-0.9718,Stoegermuehlbach,STO,STO-2002,2278,1726.1,NA,-0.12186810280889702,NA,NA,NA,2002,16,1.512,-0.647,-0.7922,87.1,26,0.433,1.411,0.855,0,13,0.5,0.851
X65_m_2019,65,33,5405220,4572285,2019,Jakob_Huber_Linda_Weggler,R22,south,land,0.1964,-0.0403,-0.9718,Stoegermuehlbach,STO,STO-2002,2278,1726.1,NA,NA,1.3849616038230512,NA,NA,2002,17,1.512,-0.647,-0.7922,130.2,36,0.775,2.777,0.532,2,22,0.611,0.719
X65_m_2021,65,33,5405220,4572285,2021,Markus Bauer,R,south,land,0.1964,-0.0403,-0.9718,Stoegermuehlbach,STO,STO-2002,2278,1726.1,NA,NA,NA,1.3849616038230512,-0.12186810280889702,2002,19,1.512,-0.647,-0.7922,101.8,27,0.54,1.778,0.484,39.5,11,0.407,0.528
X66_m_2017,66,33,5405229,4572279,2017,Jakob_Huber_Simon_Reith_Jakob_Strak,R22,north,water,0.2249,-0.044,-1.0837,Stoegermuehlbach,STO,STO-2002,2278,1723,1.3849965365638952,NA,NA,NA,NA,2002,15,1.512,-0.647,-0.7922,105.9,22,0.519,1.603,0.938,3,11,0.5,0.751
X66_m_2018,66,33,5405229,4572279,2018,Jakob_Huber,R,north,water,0.2249,-0.044,-1.0837,Stoegermuehlbach,STO,STO-2002,2278,1723,NA,-0.12168840721394132,NA,NA,NA,2002,16,1.512,-0.647,-0.7922,50.9,28,0.692,2.307,0.66,7.5,9,0.321,0.672
X66_m_2019,66,33,5405229,4572279,2019,Jakob_Huber_Linda_Weggler,R,north,water,0.2249,-0.044,-1.0837,Stoegermuehlbach,STO,STO-2002,2278,1723,NA,NA,1.3849965365638952,NA,NA,2002,17,1.512,-0.647,-0.7922,113.9,36,0.842,3.017,0.313,27.6,12,0.333,0.464
X66_m_2021,66,33,5405229,4572279,2021,Markus Bauer,R22,north,water,0.2249,-0.044,-1.0837,Stoegermuehlbach,STO,STO-2002,2278,1723,NA,NA,NA,1.3849965365638952,-0.12168840721394132,2002,19,1.512,-0.647,-0.7922,86.5,28,0.734,2.445,0.623,17.6,13,0.464,0.629
X67_o_2017,67,34,5415826,4555183,2017,Jakob_Huber_Simon_Reith_Jakob_Strak,R22,south,water,-0.4759,0.0589,-0.1642,Pfelling,PFE,PFE-2008,2305,120.3,-0.9050250321202201,NA,NA,NA,NA,2008,9,-0.7514,-0.1115,0.3944,64.5,43,0.795,2.991,0.454,10.5,17,0.395,0.557
X67_o_2018,67,34,5415826,4555183,2018,Jakob_Huber,R,south,water,-0.4759,0.0589,-0.1642,Pfelling,PFE,PFE-2008,2305,120.3,NA,0.17000463416664335,NA,NA,NA,2008,10,-0.7514,-0.1115,0.3944,70.3,30,0.798,2.714,0.542,6.5,12,0.4,0.532
X67_o_2019,67,34,5415826,4555183,2019,Jakob_Huber_Linda_Weggler,R,south,water,-0.4759,0.0589,-0.1642,Pfelling,PFE,PFE-2008,2305,120.3,NA,NA,-0.9050250321202201,NA,NA,2008,11,-0.7514,-0.1115,0.3944,129.8,39,0.784,2.873,0.21,14.3,15,0.385,0.26
X67_o_2021,67,34,5415826,4555183,2021,Markus Bauer,R,south,water,-0.4759,0.0589,-0.1642,Pfelling,PFE,PFE-2008,2305,120.3,NA,NA,NA,-0.9050250321202201,0.17000463416664335,2008,13,-0.7514,-0.1115,0.3944,67.1,28,0.699,2.33,0.127,19.3,12,0.429,0.164
X68_m_2017,68,34,5415833,4555191,2017,Jakob_Huber_Simon_Reith_Jakob_Strak,R,north,land,0.5285,0.2463,0.5791,Pfelling,PFE,PFE-2008,2305,131,-0.9049856861206232,NA,NA,NA,NA,2008,9,-0.7514,-0.1115,0.3944,55.3,23,0.474,1.486,0.769,2.1,14,0.609,0.237
X68_m_2018,68,34,5415833,4555191,2018,Jakob_Huber,R,north,land,0.5285,0.2463,0.5791,Pfelling,PFE,PFE-2008,2305,131,NA,0.17001642293347335,NA,NA,NA,2008,10,-0.7514,-0.1115,0.3944,55.3,23,0.474,1.486,0.834,0.6,10,0.435,0.174
X68_m_2019,68,34,5415833,4555191,2019,Jakob_Huber_Linda_Weggler,R,north,land,0.5285,0.2463,0.5791,Pfelling,PFE,PFE-2008,2305,131,NA,NA,-0.9049856861206232,NA,NA,2008,11,-0.7514,-0.1115,0.3944,98.1,33,0.671,2.345,0.515,1.5,14,0.424,0.234
X68_m_2021,68,34,5415833,4555191,2021,Markus Bauer,V38,north,land,0.5285,0.2463,0.5791,Pfelling,PFE,PFE-2008,2305,131,NA,NA,NA,-0.9049856861206232,0.17001642293347335,2008,13,-0.7514,-0.1115,0.3944,29.1,19,0.726,2.139,0.371,9.3,8,0.421,0.189
X70_m_2017,70,35,5412675,4554990,2017,Jakob_Huber,R,south,land,0.5942,0.1627,0.4779,Irlbach,IRL,IRL-2011,2301,1228,-0.7523200505800333,NA,NA,NA,NA,2011,6,-0.2795,-0.2306,-0.9709,41.6,10,0.232,0.533,0.925,0.5,5,0.5,0.05
X70_m_2018,70,35,5412675,4554990,2018,Jakob_Huber,V38,south,land,0.5942,0.1627,0.4779,Irlbach,IRL,IRL-2011,2301,1228,NA,0.603339626015278,NA,NA,NA,2011,7,-0.2795,-0.2306,-0.9709,48.8,12,0.375,0.932,0.779,0.5,5,0.417,0.123
X70_m_2019,70,35,5412675,4554990,2019,Jakob_Huber_Linda_Weggler,R1A,south,land,0.5942,0.1627,0.4779,Irlbach,IRL,IRL-2011,2301,1228,NA,NA,-0.7523200505800333,NA,NA,2011,8,-0.2795,-0.2306,-0.9709,65.3,15,0.798,2.161,0.211,5.1,6,0.4,0.479
X70_m_2021,70,35,5412675,4554990,2021,Markus Bauer,V38,south,land,0.5942,0.1627,0.4779,Irlbach,IRL,IRL-2011,2301,1228,NA,NA,NA,-0.7523200505800333,0.603339626015278,2011,10,-0.2795,-0.2306,-0.9709,31.1,12,0.758,1.883,0.299,8.8,6,0.5,0.209
