id,plot,block,latitude,longitude,botanist,survey_year,esy,exposition,orientation,pc1_soil,pc2_soil,pc3_soil,location,location_abb,location_construction_year,river_km,river_distance,biotope_distance,biotope_area,construction_year,plot_age,species_richness,eveness,accumulated_cover,graminoid_cover_ratio,ruderal_cover,ellenberg_richness,ellenberg_richness_ratio,rlg_richness,ellenberg_cover_ratio,ellenberg_cover,biotope_type,ffh,baykompv,biotope_points
X01_m_2017,01,1,5418661,4543914,Jakob_Huber_Simon_Reith_Jakob_Strak,2017,R22,south,water,-0.1715,0.4525,-0.4211,Parkstetten-Reibersdorf,PAR,PAR-2008,2318,190,66,16865,2008,9,23,0.4,83.7,0.92,2.6,14,0.609,0,0.897,75.1,G213,non-FFH,G213,8
X01_m_2018,01,1,5418661,4543914,Jakob_Huber,2018,R22,south,water,-0.1715,0.4525,-0.4211,Parkstetten-Reibersdorf,PAR,PAR-2008,2318,190,66,16865,2008,10,26,0.686,89.7,0.735,6.3,14,0.538,0,0.691,62,G214-GE6510,6510,G214,12
X01_m_2019,01,1,5418661,4543914,Jakob_Huber_Linda_Weggler,2019,R,south,water,-0.1715,0.4525,-0.4211,Parkstetten-Reibersdorf,PAR,PAR-2008,2318,190,66,16865,2008,11,32,0.765,92.9,0.526,10,16,0.5,4,0.668,62.1,G214-GE6510,6510,G214,12
X01_m_2021,01,1,5418661,4543914,Markus Bauer,2021,R,south,water,-0.1715,0.4525,-0.4211,Parkstetten-Reibersdorf,PAR,PAR-2008,2318,190,66,16865,2008,13,29,0.583,80.8,0.344,6,14,0.483,2,0.79,63.8,G214-GE6510,6510,G214,12
X02_m_2017,02,1,5418670,4543912,Jakob_Huber_Simon_Reith_Jakob_Strak,2017,R22,north,land,0.4911,0.5392,0.2612,Parkstetten-Reibersdorf,PAR,PAR-2008,2318,199,75,16742,2008,9,40,0.86,36.9,0.591,1,24,0.6,3,0.743,27.4,G214-GE6510,6510,G214,12
X02_m_2018,02,1,5418670,4543912,Jakob_Huber,2018,R22,north,land,0.4911,0.5392,0.2612,Parkstetten-Reibersdorf,PAR,PAR-2008,2318,199,75,16742,2008,10,35,0.775,68.5,0.695,0.5,24,0.686,3,0.886,60.7,G214-GE6510,6510,G214,12
X02_m_2019,02,1,5418670,4543912,Jakob_Huber_Linda_Weggler,2019,R22,north,land,0.4911,0.5392,0.2612,Parkstetten-Reibersdorf,PAR,PAR-2008,2318,199,75,16742,2008,11,41,0.787,103.8,0.471,1,25,0.61,2,0.689,71.5,G214-GE6510,6510,G214,12
X02_m_2021,02,1,5418670,4543912,Markus Bauer,2021,R22,north,land,0.4911,0.5392,0.2612,Parkstetten-Reibersdorf,PAR,PAR-2008,2318,199,75,16742,2008,13,44,0.79,73,0.323,1,27,0.614,3,0.77,56.2,G214-GE6510,6510,G214,12
X03_m_2017,03,2,5418627,4544901,Jakob_Huber_Simon_Reith_Jakob_Strak,2017,R,south,water,0.3988,0.9092,-0.0176,Parkstetten-Reibersdorf,PAR,PAR-2008,2317,512,244,13362,2008,9,32,0.558,80.1,0.63,20.9,17,0.531,1,0.212,17,G214-GE6510,6510,G214,12
X03_m_2018,03,2,5418627,4544901,Jakob_Huber,2018,R,south,water,0.3988,0.9092,-0.0176,Parkstetten-Reibersdorf,PAR,PAR-2008,2317,512,244,13362,2008,10,24,0.739,68.6,0.461,19.4,12,0.5,3,0.512,35.1,G214-GE6510,6510,G214,12
X03_m_2019,03,2,5418627,4544901,Jakob_Huber_Linda_Weggler,2019,R,south,water,0.3988,0.9092,-0.0176,Parkstetten-Reibersdorf,PAR,PAR-2008,2317,512,244,13362,2008,11,29,0.855,70.1,0.375,14.4,12,0.414,3,0.551,38.6,G214-GE00BK,non-FFH,G214,12
X03_m_2021,03,2,5418627,4544901,Markus Bauer,2021,R1A,south,water,0.3988,0.9092,-0.0176,Parkstetten-Reibersdorf,PAR,PAR-2008,2317,512,244,13362,2008,13,24,0.764,42.9,0.333,12.8,13,0.542,2,0.415,17.8,G214-GE00BK,non-FFH,G214,12
X04_m_2017,04,2,5418639,4544901,Jakob_Huber_Simon_Reith_Jakob_Strak,2017,R,north,land,1.1897,0.4808,0.5396,Parkstetten-Reibersdorf,PAR,PAR-2008,2317,521,256,13287,2008,9,30,0.453,52.7,0.769,1.5,19,0.633,2,0.201,10.6,G213,non-FFH,G213,8
X04_m_2018,04,2,5418639,4544901,Jakob_Huber,2018,R,north,land,1.1897,0.4808,0.5396,Parkstetten-Reibersdorf,PAR,PAR-2008,2317,521,256,13287,2008,10,31,0.621,85.3,0.687,1,19,0.613,4,0.349,29.8,G312-GT6210,6210,G312,13
X04_m_2019,04,2,5418639,4544901,Jakob_Huber_Linda_Weggler,2019,R,north,land,1.1897,0.4808,0.5396,Parkstetten-Reibersdorf,PAR,PAR-2008,2317,521,256,13287,2008,11,31,0.623,75.5,0.719,1.5,19,0.613,3,0.306,23.1,G214-GE6510,6510,G214,12
X04_m_2021,04,2,5418639,4544901,Markus Bauer,2021,R1A,north,land,1.1897,0.4808,0.5396,Parkstetten-Reibersdorf,PAR,PAR-2008,2317,521,256,13287,2008,13,25,0.682,51.9,0.532,2,15,0.6,1,0.391,20.3,G214-GE6510,6510,G214,12
X05_m_2017,05,3,5418126,4545832,Jakob_Huber_Simon_Reith_Jakob_Strak,2017,R22,south,water,-0.5576,0.9911,-0.443,Oebling,OEB,OEB-2012,2316,229,580,NA,2012,5,31,0.608,87.4,0.526,1.5,19,0.613,0,0.874,76.4,G214-GE00BK,non-FFH,G214,12
X05_m_2018,05,3,5418126,4545832,Jakob_Huber,2018,R1A,south,water,-0.5576,0.9911,-0.443,Oebling,OEB,OEB-2012,2316,229,580,NA,2012,6,14,0.75,32.8,0.5,13.3,6,0.429,1,0.534,17.5,G213,non-FFH,G213,8
X05_m_2019,05,3,5418126,4545832,Jakob_Huber_Linda_Weggler,2019,R1A,south,water,-0.5576,0.9911,-0.443,Oebling,OEB,OEB-2012,2316,229,580,NA,2012,7,14,0.514,97,0.138,64.6,9,0.643,0,0.292,28.3,G213,non-FFH,G213,8
X05_m_2021,05,3,5418126,4545832,Markus Bauer,2021,R1A,south,water,-0.5576,0.9911,-0.443,Oebling,OEB,OEB-2012,2316,229,580,NA,2012,9,9,0.513,31.1,0.064,19.3,5,0.556,0,0.08,2.5,G213,non-FFH,G213,8
X06_m_2017,06,3,5418139,4545833,Jakob_Huber_Simon_Reith_Jakob_Strak,2017,R21,north,land,-0.3712,0.9787,-0.94,Oebling,OEB,OEB-2012,2316,223,573,NA,2012,5,20,0.718,67.6,0.259,5.5,11,0.55,1,0.882,59.6,G214-GE00BK,non-FFH,G214,12
X06_m_2018,06,3,5418139,4545833,Jakob_Huber,2018,R22,north,land,-0.3712,0.9787,-0.94,Oebling,OEB,OEB-2012,2316,223,573,NA,2012,6,28,0.691,102.1,0.687,2,17,0.607,1,0.703,71.8,G214-GE6510,6510,G214,12
X06_m_2019,06,3,5418139,4545833,Jakob_Huber_Linda_Weggler,2019,R22,north,land,-0.3712,0.9787,-0.94,Oebling,OEB,OEB-2012,2316,223,573,NA,2012,7,27,0.701,115.6,0.338,3.5,17,0.63,1,0.772,89.3,G214-GE6510,6510,G214,12
X06_m_2021,06,3,5418139,4545833,Markus Bauer,2021,R,north,land,-0.3712,0.9787,-0.94,Oebling,OEB,OEB-2012,2316,223,573,NA,2012,9,36,0.746,74.7,0.252,1.5,23,0.639,3,0.691,51.6,G214-GE6510,6510,G214,12
X07_m_2017,07,4,5418383,4546097,Jakob_Huber_Simon_Reith_Jakob_Strak,2017,R21,east,water,NA,NA,NA,Oebling,OEB,OEB-2012,2316,404,653,NA,2012,5,24,0.691,46.1,0.685,3,10,0.417,0,0.603,27.8,G214-GE00BK,non-FFH,G214,12
X07_m_2018,07,4,5418383,4546097,Jakob_Huber,2018,R22,east,water,NA,NA,NA,Oebling,OEB,OEB-2012,2316,404,653,NA,2012,6,19,0.835,62.4,0.623,6.5,12,0.632,1,0.619,38.6,G213,non-FFH,G213,8
X07_m_2019,07,4,5418383,4546097,Jakob_Huber_Linda_Weggler,2019,R1A,east,water,NA,NA,NA,Oebling,OEB,OEB-2012,2316,404,653,NA,2012,7,24,0.692,100.2,0.712,26.4,12,0.5,1,0.642,64.3,G214-GE6510,6510,G214,12
X07_m_2021,07,4,5418383,4546097,NA,2021,+,east,water,NA,NA,NA,Oebling,OEB,OEB-2012,2316,404,653,NA,2012,9,0,NA,0,NA,0,0,NA,0,NA,0,other,non-FFH,othe,0
X08_m_2017,08,4,5418387,4546085,Jakob_Huber_Simon_Reith_Jakob_Strak,2017,R,west,land,NA,NA,NA,Oebling,OEB,OEB-2012,2316,392,641,NA,2012,5,21,0.719,50.1,0.741,5.5,12,0.571,1,0.405,20.3,G214-GE00BK,non-FFH,G214,12
X08_m_2018,08,4,5418387,4546085,Jakob_Huber,2018,R22,west,land,NA,NA,NA,Oebling,OEB,OEB-2012,2316,392,641,NA,2012,6,22,0.718,49.7,0.549,11.3,12,0.545,1,0.612,30.4,G214-GE00BK,non-FFH,G214,12
X08_m_2019,08,4,5418387,4546085,Jakob_Huber_Linda_Weggler,2019,R,west,land,NA,NA,NA,Oebling,OEB,OEB-2012,2316,392,641,NA,2012,7,36,0.792,101.3,0.269,23.9,19,0.528,2,0.388,39.3,G214-GE6510,6510,G214,12
X08_m_2021,08,4,5418387,4546085,NA,2021,+,west,land,NA,NA,NA,Oebling,OEB,OEB-2012,2316,392,641,NA,2012,9,0,NA,0,NA,0,0,NA,0,NA,0,other,non-FFH,othe,0
X09_m_2017,09,5,5417317,4546913,Jakob_Huber_Leonardo_Teixeira,2017,?,south,water,-0.6301,-0.5532,0.7111,Oebling,OEB,OEB-2010,2314,1538,1927,NA,2010,7,12,0.317,44.5,0.921,1.5,5,0.417,0,0.921,41,G213,non-FFH,G213,8
X09_m_2018,09,5,5417317,4546913,Jakob_Huber,2018,?,south,water,-0.6301,-0.5532,0.7111,Oebling,OEB,OEB-2010,2314,1538,1927,NA,2010,8,3,0.126,38.5,0.974,0,2,0.667,0,0.987,38,G213,non-FFH,G213,8
X09_m_2019,09,5,5417317,4546913,Jakob_Huber_Linda_Weggler,2019,V38,south,water,-0.6301,-0.5532,0.7111,Oebling,OEB,OEB-2010,2314,1538,1927,NA,2010,9,9,0.16,66.5,0.947,1,3,0.333,0,0.955,63.5,G213,non-FFH,G213,8
X09_m_2021,09,5,5417317,4546913,Markus Bauer,2021,V38,south,water,-0.6301,-0.5532,0.7111,Oebling,OEB,OEB-2010,2314,1538,1927,NA,2010,11,7,0.181,67,0.94,0.5,2,0.286,0,0.94,63,G213,non-FFH,G213,8
X10_m_2017,10,5,5417329,4546909,Jakob_Huber_Leonardo_Teixeira,2017,R,north,land,-0.5756,-0.7487,0.7457,Oebling,OEB,OEB-2010,2314,1526,1917,NA,2010,7,30,0.562,69.8,0.787,1.1,16,0.533,0,0.872,60.9,G214-GE6510,6510,G214,12
X10_m_2018,10,5,5417329,4546909,Jakob_Huber,2018,R,north,land,-0.5756,-0.7487,0.7457,Oebling,OEB,OEB-2010,2314,1526,1917,NA,2010,8,24,0.537,64.5,0.803,1.1,13,0.542,0,0.898,57.9,G213,non-FFH,G213,8
X10_m_2019,10,5,5417329,4546909,Jakob_Huber_Linda_Weggler,2019,R,north,land,-0.5756,-0.7487,0.7457,Oebling,OEB,OEB-2010,2314,1526,1917,NA,2010,9,21,0.507,57.5,0.739,1.5,13,0.619,0,0.93,53.5,G213,non-FFH,G213,8
X10_m_2021,10,5,5417329,4546909,Markus Bauer,2021,R,north,land,-0.5756,-0.7487,0.7457,Oebling,OEB,OEB-2010,2314,1526,1917,NA,2010,11,23,0.303,75,0.853,1,13,0.565,1,0.933,70,G213,non-FFH,G213,8
X11_m_2017,11,6,5417431,4546311,Jakob_Huber_Leonardo_Teixeira,2017,R22,north,water,0.755,-0.2805,0.5257,Oebling,OEB,OEB-2010,2315,1010,1409,NA,2010,7,38,0.597,116.5,0.712,9.1,16,0.421,0,0.468,54.5,G214-GE6510,6510,G214,12
X11_m_2018,11,6,5417431,4546311,Jakob_Huber,2018,R22,north,water,0.755,-0.2805,0.5257,Oebling,OEB,OEB-2010,2315,1010,1409,NA,2010,8,27,0.702,83.2,0.755,6.8,15,0.556,0,0.654,54.4,G213,non-FFH,G213,8
X11_m_2019,11,6,5417431,4546311,Jakob_Huber_Linda_Weggler,2019,R22,north,water,0.755,-0.2805,0.5257,Oebling,OEB,OEB-2010,2315,1010,1409,NA,2010,9,35,0.793,94,0.487,7,16,0.457,0,0.667,62.7,G214-GE6510,6510,G214,12
X11_m_2021,11,6,5417431,4546311,Markus Bauer,2021,R22,north,water,0.755,-0.2805,0.5257,Oebling,OEB,OEB-2010,2315,1010,1409,NA,2010,11,32,0.614,71,0.676,6,17,0.531,0,0.782,55.5,G214-GE6510,6510,G214,12
X12_m_2017,12,6,5417420,4546311,Jakob_Huber_Leonardo_Teixeira,2017,R22,south,land,0.2399,-1.0336,0.6747,Oebling,OEB,OEB-2010,2315,1017,1417,NA,2010,7,16,0.771,34.6,0.624,5.5,8,0.5,0,0.74,25.6,G213,non-FFH,G213,8
X12_m_2018,12,6,5417420,4546311,Jakob_Huber,2018,R22,south,land,0.2399,-1.0336,0.6747,Oebling,OEB,OEB-2010,2315,1017,1417,NA,2010,8,12,0.809,24.9,0.614,0.5,8,0.667,0,0.586,14.6,G211,non-FFH,G211,6
X12_m_2019,12,6,5417420,4546311,Jakob_Huber_Linda_Weggler,2019,R,south,land,0.2399,-1.0336,0.6747,Oebling,OEB,OEB-2010,2315,1017,1417,NA,2010,9,17,0.81,59.6,0.159,15.3,10,0.588,1,0.579,34.5,G213,non-FFH,G213,8
X12_m_2021,12,6,5417420,4546311,Markus Bauer,2021,R22,south,land,0.2399,-1.0336,0.6747,Oebling,OEB,OEB-2010,2315,1017,1417,NA,2010,11,11,0.669,52.1,0.134,2.5,6,0.545,0,0.505,26.3,G213,non-FFH,G213,8
X13_m_2017,13,7,5418241,4547375,Jakob_Huber_Leonardo_Teixeira,2017,R22,north,water,0.7402,-2.2834,-2.0008,Oebling,OEB,OEB-2006,2314,624,1068,NA,2006,11,27,0.656,64.9,0.428,0.5,17,0.63,1,0.513,33.3,G214-GE6510,6510,G214,12
X13_m_2018,13,7,5418241,4547375,Jakob_Huber,2018,R22,north,water,0.7402,-2.2834,-2.0008,Oebling,OEB,OEB-2006,2314,624,1068,NA,2006,12,24,0.729,63.4,0.536,2,17,0.708,0,0.88,55.8,G214-GE6510,6510,G214,12
X13_m_2019,13,7,5418241,4547375,Jakob_Huber_Linda_Weggler,2019,R22,north,water,0.7402,-2.2834,-2.0008,Oebling,OEB,OEB-2006,2314,624,1068,NA,2006,13,30,0.621,122.7,0.331,1,18,0.6,0,0.914,112.2,G214-GE6510,6510,G214,12
X13_m_2021,13,7,5418241,4547375,Markus Bauer,2021,R22,north,water,0.7402,-2.2834,-2.0008,Oebling,OEB,OEB-2006,2314,624,1068,NA,2006,15,27,0.596,72.3,0.18,4.5,17,0.63,0,0.882,63.8,G214-GE6510,6510,G214,12
X14_m_2017,14,7,5418234,4547375,Jakob_Huber_Leonardo_Teixeira,2017,R22,south,land,0.698,-1.4548,-0.14,Oebling,OEB,OEB-2006,2314,631,1075,NA,2006,11,22,0.649,38.5,0.8,0.5,13,0.591,1,0.701,27,G213,non-FFH,G213,8
X14_m_2018,14,7,5418234,4547375,Jakob_Huber,2018,R22,south,land,0.698,-1.4548,-0.14,Oebling,OEB,OEB-2006,2314,631,1075,NA,2006,12,17,0.745,27.6,0.627,1.5,9,0.529,1,0.388,10.7,G213,non-FFH,G213,8
X14_m_2019,14,7,5418234,4547375,Jakob_Huber_Linda_Weggler,2019,R22,south,land,0.698,-1.4548,-0.14,Oebling,OEB,OEB-2006,2314,631,1075,NA,2006,13,21,0.832,81.2,0.429,9,12,0.571,0,0.528,42.9,G213,non-FFH,G213,8
X14_m_2021,14,7,5418234,4547375,Markus Bauer,2021,R,south,land,0.698,-1.4548,-0.14,Oebling,OEB,OEB-2006,2314,631,1075,NA,2006,15,22,0.704,49.1,0.566,20.3,10,0.455,0,0.403,19.8,G214-GE6510,6510,G214,12
X15_m_2017,15,8,5416962,4547130,Jakob_Huber_Leonardo_Teixeira,2017,R22,west,water,NA,NA,NA,Oebling,OEB,OEB-2006,2314,1886,2317,NA,2006,11,31,0.706,51.9,0.68,6.6,12,0.387,3,0.649,33.7,G214-GE6510,6510,G214,12
X15_m_2018,15,8,5416962,4547130,Jakob_Huber,2018,R22,west,water,NA,NA,NA,Oebling,OEB,OEB-2006,2314,1886,2317,NA,2006,12,19,0.595,52.5,0.861,19.4,10,0.526,2,0.552,29,G213,non-FFH,G213,8
X15_m_2019,15,8,5416962,4547130,NA,2019,+,west,water,NA,NA,NA,Oebling,OEB,OEB-2006,2314,1886,2317,NA,2006,13,0,NA,0,NA,0,0,NA,0,NA,0,other,non-FFH,othe,0
X15_m_2021,15,8,5416962,4547130,NA,2021,+,west,water,NA,NA,NA,Oebling,OEB,OEB-2006,2314,1886,2317,NA,2006,15,0,NA,0,NA,0,0,NA,0,NA,0,other,non-FFH,othe,0
X16_m_2017,16,8,5416962,4547137,Jakob_Huber_Leonardo_Teixeira,2017,R22,east,land,NA,NA,NA,Oebling,OEB,OEB-2006,2314,1887,2317,NA,2006,11,31,0.768,42.7,0.614,9.4,15,0.484,5,0.585,25,G214-GE6510,6510,G214,12
X16_m_2018,16,8,5416962,4547137,Jakob_Huber,2018,R,east,land,NA,NA,NA,Oebling,OEB,OEB-2006,2314,1887,2317,NA,2006,12,21,0.634,37.6,0.662,19.3,12,0.571,3,0.415,15.6,G214-GE6510,6510,G214,12
X16_m_2019,16,8,5416962,4547137,NA,2019,+,east,land,NA,NA,NA,Oebling,OEB,OEB-2006,2314,1887,2317,NA,2006,13,0,NA,0,NA,0,0,NA,0,NA,0,other,non-FFH,othe,0
X16_m_2021,16,8,5416962,4547137,NA,2021,+,east,land,NA,NA,NA,Oebling,OEB,OEB-2006,2314,1887,2317,NA,2006,15,0,NA,0,NA,0,0,NA,0,NA,0,other,non-FFH,othe,0
X17_o_2017,17,9,5417213,4551938,Jakob_Huber,2017,R,north,water,NA,NA,NA,Hermannsdorf-Ainbrach,HER,HER-2016,2308,253,804,NA,2016,1,33,0.643,95.2,0.681,4.5,18,0.545,1,0.67,63.8,G213,non-FFH,G213,8
X17_o_2018,17,9,5417213,4551938,Jakob_Huber,2018,R,north,water,NA,NA,NA,Hermannsdorf-Ainbrach,HER,HER-2016,2308,253,804,NA,2016,2,47,0.808,93,0.472,18.2,22,0.468,1,0.551,51.2,G214-GE6510,6510,G214,12
X17_o_2019,17,9,5417213,4551938,Jakob_Huber_Linda_Weggler,2019,R22,north,water,NA,NA,NA,Hermannsdorf-Ainbrach,HER,HER-2016,2308,253,804,NA,2016,3,39,0.791,119.3,0.378,8.5,23,0.59,1,0.633,75.5,G214-GE6510,6510,G214,12
X17_o_2021,17,9,5417213,4551938,NA,2021,+,north,water,NA,NA,NA,Hermannsdorf-Ainbrach,HER,HER-2016,2308,253,804,NA,2016,5,0,NA,0,NA,0,0,NA,0,NA,0,other,non-FFH,othe,0
X18_m_2017,18,9,5417206,4551933,Jakob_Huber,2017,R21,south,land,NA,NA,NA,Hermannsdorf-Ainbrach,HER,HER-2016,2308,261,812,NA,2016,1,21,0.631,41.7,0.595,1,11,0.524,0,0.844,35.2,G214-GE00BK,non-FFH,G214,12
X18_m_2018,18,9,5417206,4551933,Jakob_Huber,2018,R21,south,land,NA,NA,NA,Hermannsdorf-Ainbrach,HER,HER-2016,2308,261,812,NA,2016,2,23,0.807,51.6,0.564,3.2,11,0.478,1,0.676,34.9,G214-GE00BK,non-FFH,G214,12
X18_m_2019,18,9,5417206,4551933,Jakob_Huber_Linda_Weggler,2019,R,south,land,NA,NA,NA,Hermannsdorf-Ainbrach,HER,HER-2016,2308,261,812,NA,2016,3,29,0.868,50.8,0.295,9,13,0.448,2,0.423,21.5,G214-GE00BK,non-FFH,G214,12
X18_m_2021,18,9,5417206,4551933,NA,2021,+,south,land,NA,NA,NA,Hermannsdorf-Ainbrach,HER,HER-2016,2308,261,812,NA,2016,5,0,NA,0,NA,0,0,NA,0,NA,0,other,non-FFH,othe,0
X19_o_2017,19,10,5416931,4552292,Jakob_Huber,2017,R21,north,water,NA,NA,NA,Hermannsdorf-Ainbrach,HER,HER-2016,2308,271,881,NA,2016,1,17,0.623,83.6,0.532,1,9,0.529,1,0.892,74.6,G213,non-FFH,G213,8
X19_o_2018,19,10,5416931,4552292,Jakob_Huber,2018,R22,north,water,NA,NA,NA,Hermannsdorf-Ainbrach,HER,HER-2016,2308,271,881,NA,2016,2,36,0.809,64.1,0.348,6.5,19,0.528,0,0.563,36.1,G214-GE6510,6510,G214,12
X19_o_2019,19,10,5416931,4552292,Jakob_Huber_Linda_Weggler,2019,R22,north,water,NA,NA,NA,Hermannsdorf-Ainbrach,HER,HER-2016,2308,271,881,NA,2016,3,33,0.741,82,0.452,2.1,16,0.485,1,0.556,45.6,G214-GE6510,6510,G214,12
X19_o_2021,19,10,5416931,4552292,NA,2021,+,north,water,NA,NA,NA,Hermannsdorf-Ainbrach,HER,HER-2016,2308,271,881,NA,2016,5,0,NA,0,NA,0,0,NA,0,NA,0,other,non-FFH,othe,0
X20_m_2017,20,10,5416920,4552285,Jakob_Huber,2017,R21,south,land,NA,NA,NA,Hermannsdorf-Ainbrach,HER,HER-2016,2308,284,893,NA,2016,1,29,0.658,78,0.597,2,16,0.552,1,0.859,67,G214-GE00BK,non-FFH,G214,12
X20_m_2018,20,10,5416920,4552285,Jakob_Huber,2018,R22,south,land,NA,NA,NA,Hermannsdorf-Ainbrach,HER,HER-2016,2308,284,893,NA,2016,2,24,0.818,58.1,0.367,1.7,12,0.5,1,0.621,36.1,G214-GE6510,6510,G214,12
X20_m_2019,20,10,5416920,4552285,Jakob_Huber_Linda_Weggler,2019,R,south,land,NA,NA,NA,Hermannsdorf-Ainbrach,HER,HER-2016,2308,284,893,NA,2016,3,32,0.742,82.4,0.301,14.8,13,0.406,1,0.459,37.8,G214-GE00BK,non-FFH,G214,12
X20_m_2021,20,10,5416920,4552285,NA,2021,+,south,land,NA,NA,NA,Hermannsdorf-Ainbrach,HER,HER-2016,2308,284,893,NA,2016,5,0,NA,0,NA,0,0,NA,0,NA,0,other,non-FFH,othe,0
X21_m_2017,21,11,5415944,4555538,Jakob_Huber_Simon_Reith_Jakob_Strak,2017,R22,south,water,-0.7112,-0.669,0.7938,Pfelling,PFE,PFE-2008,2305,485,1149,NA,2008,9,15,0.509,129.3,0.946,40,8,0.533,2,0.534,69,G213,non-FFH,G213,8
X21_m_2018,21,11,5415944,4555538,Jakob_Huber,2018,R22,south,water,-0.7112,-0.669,0.7938,Pfelling,PFE,PFE-2008,2305,485,1149,NA,2008,10,13,0.418,81.2,0.967,38.1,6,0.462,3,0.511,41.5,G213,non-FFH,G213,8
X21_m_2019,21,11,5415944,4555538,Jakob_Huber_Linda_Weggler,2019,V38,south,water,-0.7112,-0.669,0.7938,Pfelling,PFE,PFE-2008,2305,485,1149,NA,2008,11,23,0.745,98,0.397,49.9,11,0.478,2,0.243,23.8,G213,non-FFH,G213,8
X21_m_2021,21,11,5415944,4555538,Markus Bauer,2021,V38,south,water,-0.7112,-0.669,0.7938,Pfelling,PFE,PFE-2008,2305,485,1149,NA,2008,13,15,0.802,60.9,0.391,9,6,0.4,1,0.672,40.9,G213,non-FFH,G213,8
X22_m_2017,22,11,5415946,4555531,Jakob_Huber_Simon_Reith_Jakob_Strak,2017,R,north,land,0.415,-0.0607,1.0979,Pfelling,PFE,PFE-2008,2305,480,1156,NA,2008,9,19,0.461,52.5,0.79,2.5,12,0.632,1,0.143,7.5,G213,non-FFH,G213,8
X22_m_2018,22,11,5415946,4555531,Jakob_Huber,2018,R,north,land,0.415,-0.0607,1.0979,Pfelling,PFE,PFE-2008,2305,480,1156,NA,2008,10,15,0.435,51,0.853,1,9,0.6,1,0.216,11,G213,non-FFH,G213,8
X22_m_2019,22,11,5415946,4555531,Jakob_Huber_Linda_Weggler,2019,R,north,land,0.415,-0.0607,1.0979,Pfelling,PFE,PFE-2008,2305,480,1156,NA,2008,11,21,0.52,101.2,0.729,1,13,0.619,1,0.216,21.9,G214-GE00BK,non-FFH,G214,12
X22_m_2021,22,11,5415946,4555531,Markus Bauer,2021,R,north,land,0.415,-0.0607,1.0979,Pfelling,PFE,PFE-2008,2305,480,1156,NA,2008,13,16,0.644,33.8,0.704,1.5,8,0.5,1,0.251,8.5,G213,non-FFH,G213,8
X23_m_2017,23,12,5416175,4555683,Jakob_Huber_Simon_Reith_Jakob_Strak,2017,R,south,water,0.6912,-0.0516,0.8196,Pfelling,PFE,PFE-2008,2305,730,1116,NA,2008,9,27,0.555,64.3,0.793,9.1,14,0.519,3,0.18,11.6,G214-GE6510,6510,G214,12
X23_m_2018,23,12,5416175,4555683,Jakob_Huber,2018,R,south,water,0.6912,-0.0516,0.8196,Pfelling,PFE,PFE-2008,2305,730,1116,NA,2008,10,36,0.788,46.7,0.66,2,17,0.472,3,0.516,24.1,G214-GE6510,6510,G214,12
X23_m_2019,23,12,5416175,4555683,Jakob_Huber_Linda_Weggler,2019,R,south,water,0.6912,-0.0516,0.8196,Pfelling,PFE,PFE-2008,2305,730,1116,NA,2008,11,41,0.838,81.5,0.557,6.6,22,0.537,3,0.591,48.2,G214-GE6510,6510,G214,12
X23_m_2021,23,12,5416175,4555683,Markus Bauer,2021,V38,south,water,0.6912,-0.0516,0.8196,Pfelling,PFE,PFE-2008,2305,730,1116,NA,2008,13,30,0.748,68.7,0.595,11.8,14,0.467,3,0.555,38.1,G214-GE6510,6510,G214,12
X24_m_2017,24,12,5416180,4555677,Jakob_Huber_Simon_Reith_Jakob_Strak,2017,R,north,land,0.5672,0.0244,1.02,Pfelling,PFE,PFE-2008,2305,728,1123,NA,2008,9,30,0.511,58.8,0.731,1.1,22,0.733,1,0.284,16.7,G214-GE6510,6510,G214,12
X24_m_2018,24,12,5416180,4555677,Jakob_Huber,2018,R,north,land,0.5672,0.0244,1.02,Pfelling,PFE,PFE-2008,2305,728,1123,NA,2008,10,24,0.5,56.1,0.856,0.5,13,0.542,1,0.216,12.1,G213,non-FFH,G213,8
X24_m_2019,24,12,5416180,4555677,Jakob_Huber_Linda_Weggler,2019,R,north,land,0.5672,0.0244,1.02,Pfelling,PFE,PFE-2008,2305,728,1123,NA,2008,11,31,0.861,86.5,0.508,1,16,0.516,1,0.646,55.9,G214-GE6510,6510,G214,12
X24_m_2021,24,12,5416180,4555677,Markus Bauer,2021,R,north,land,0.5672,0.0244,1.02,Pfelling,PFE,PFE-2008,2305,728,1123,NA,2008,13,25,0.611,69.5,0.698,4.5,14,0.56,1,0.755,52.5,G214-GE6510,6510,G214,12
X25_m_2017,25,13,5412276,4554430,Jakob_Huber_Simon_Reith,2017,R,west,water,NA,NA,NA,Irlbach,IRL,IRL-2011,2301,1777,1207,NA,2011,6,24,0.717,56.4,0.716,1,15,0.625,0,0.449,25.3,G214-GE6510,6510,G214,12
X25_m_2018,25,13,5412276,4554430,Jakob_Huber,2018,R1A,west,water,NA,NA,NA,Irlbach,IRL,IRL-2011,2301,1777,1207,NA,2011,7,18,0.513,64.4,0.863,1,9,0.5,1,0.679,43.7,G213,non-FFH,G213,8
X25_m_2019,25,13,5412276,4554430,Jakob_Huber_Linda_Weggler,2019,R,west,water,NA,NA,NA,Irlbach,IRL,IRL-2011,2301,1777,1207,NA,2011,8,21,0.671,84.9,0.684,0.5,13,0.619,0,0.384,32.6,G214-GE6510,6510,G214,12
X25_m_2021,25,13,5412276,4554430,NA,2021,+,west,water,NA,NA,NA,Irlbach,IRL,IRL-2011,2301,1777,1207,NA,2011,10,0,NA,0,NA,0,0,NA,0,NA,0,other,non-FFH,othe,0
X26_m_2017,26,13,5412516,4554441,Jakob_Huber_Simon_Reith,2017,R,east,land,NA,NA,NA,Irlbach,IRL,IRL-2011,2301,1765,1429,NA,2011,6,12,0.244,42.2,0.915,1,6,0.5,0,0.062,2.6,G213,non-FFH,G213,8
X26_m_2018,26,13,5412516,4554441,Jakob_Huber,2018,R,east,land,NA,NA,NA,Irlbach,IRL,IRL-2011,2301,1765,1429,NA,2011,7,11,0.177,67.8,0.932,0.6,4,0.364,0,0.052,3.5,G213,non-FFH,G213,8
X26_m_2019,26,13,5412516,4554441,Jakob_Huber_Linda_Weggler,2019,R,east,land,NA,NA,NA,Irlbach,IRL,IRL-2011,2301,1765,1429,NA,2011,8,17,0.433,85,0.788,1,7,0.412,0,0.153,13,G213,non-FFH,G213,8
X26_m_2021,26,13,5412516,4554441,NA,2021,+,east,land,NA,NA,NA,Irlbach,IRL,IRL-2011,2301,1765,1429,NA,2011,10,0,NA,0,NA,0,0,NA,0,NA,0,other,non-FFH,othe,0
X27_m_2017,27,14,5412036,4554294,Jakob_Huber_Simon_Reith,2017,R22,north,water,-0.5712,-0.5229,1.4707,Irlbach,IRL,IRL-2011,2301,1932,932,NA,2011,6,30,0.653,43.8,0.756,1.5,18,0.6,0,0.847,37.1,G213,non-FFH,G213,8
X27_m_2018,27,14,5412036,4554294,Jakob_Huber,2018,R22,north,water,-0.5712,-0.5229,1.4707,Irlbach,IRL,IRL-2011,2301,1932,932,NA,2011,7,30,0.605,78.9,0.819,3.1,16,0.533,0,0.921,72.7,G214-GE6510,6510,G214,12
X27_m_2019,27,14,5412036,4554294,Jakob_Huber_Linda_Weggler,2019,R22,north,water,-0.5712,-0.5229,1.4707,Irlbach,IRL,IRL-2011,2301,1932,932,NA,2011,8,33,0.688,98.7,0.73,2.6,18,0.545,0,0.861,85,G214-GE6510,6510,G214,12
X27_m_2021,27,14,5412036,4554294,Markus Bauer,2021,R22,north,water,-0.5712,-0.5229,1.4707,Irlbach,IRL,IRL-2011,2301,1932,932,NA,2011,10,37,0.739,80.6,0.653,9,22,0.595,1,0.777,62.6,G214-GE6510,6510,G214,12
X28_m_2017,28,14,5412027,4554292,Jakob_Huber_Simon_Reith,2017,R22,south,land,-0.574,-0.409,0.9978,Irlbach,IRL,IRL-2011,2301,1935,923,NA,2011,6,17,0.475,53,0.849,1,11,0.647,0,0.858,45.5,G213,non-FFH,G213,8
X28_m_2018,28,14,5412027,4554292,Jakob_Huber,2018,R,south,land,-0.574,-0.409,0.9978,Irlbach,IRL,IRL-2011,2301,1935,923,NA,2011,7,13,0.64,66.4,0.679,0,10,0.769,0,0.151,10,G213,non-FFH,G213,8
X28_m_2019,28,14,5412027,4554292,Jakob_Huber_Linda_Weggler,2019,R,south,land,-0.574,-0.409,0.9978,Irlbach,IRL,IRL-2011,2301,1935,923,NA,2011,8,15,0.723,89.2,0.318,3.5,5,0.333,0,0.309,27.6,G213,non-FFH,G213,8
X28_m_2021,28,14,5412027,4554292,Markus Bauer,2021,R,south,land,-0.574,-0.409,0.9978,Irlbach,IRL,IRL-2011,2301,1935,923,NA,2011,10,14,0.665,58.4,0.755,4.5,7,0.5,0,0.111,6.5,G213,non-FFH,G213,8
X29_m_2017,29,15,5410119,4559495,Jakob_Huber,2017,R,south,water,NA,NA,NA,Mariaposching,MAR,MAR-2010,2297,128,264,16599,2010,7,19,0.317,76.3,0.872,1,10,0.526,1,0.119,9.1,G213,non-FFH,G213,8
X29_m_2018,29,15,5410119,4559495,Jakob_Huber,2018,R,south,water,NA,NA,NA,Mariaposching,MAR,MAR-2010,2297,128,264,16599,2010,8,22,0.559,67.5,0.719,1.1,10,0.455,0,0.323,21.8,G213,non-FFH,G213,8
X29_m_2019,29,15,5410119,4559495,Jakob_Huber_Linda_Weggler,2019,R,south,water,NA,NA,NA,Mariaposching,MAR,MAR-2010,2297,128,264,16599,2010,9,16,0.488,92.4,0.725,3,7,0.438,0,0.194,17.9,G213,non-FFH,G213,8
X29_m_2021,29,15,5410119,4559495,NA,2021,+,south,water,NA,NA,NA,Mariaposching,MAR,MAR-2010,2297,128,264,16599,2010,11,0,NA,0,NA,0,0,NA,0,NA,0,other,non-FFH,othe,0
X30_m_2017,30,15,5410132,4559494,Jakob_Huber,2017,R,north,land,NA,NA,NA,Mariaposching,MAR,MAR-2010,2297,141,277,16376,2010,7,18,0.381,81.7,0.857,0.6,10,0.556,0,0.159,13,G213,non-FFH,G213,8
X30_m_2018,30,15,5410132,4559494,Jakob_Huber,2018,R,north,land,NA,NA,NA,Mariaposching,MAR,MAR-2010,2297,141,277,16376,2010,8,17,0.276,73.1,0.862,1.1,7,0.412,0,0.068,5,G213,non-FFH,G213,8
X30_m_2019,30,15,5410132,4559494,Jakob_Huber_Linda_Weggler,2019,R,north,land,NA,NA,NA,Mariaposching,MAR,MAR-2010,2297,141,277,16376,2010,9,19,0.628,70.3,0.576,5.5,7,0.368,0,0.282,19.8,G213,non-FFH,G213,8
X30_m_2021,30,15,5410132,4559494,NA,2021,+,north,land,NA,NA,NA,Mariaposching,MAR,MAR-2010,2297,141,277,16376,2010,11,0,NA,0,NA,0,0,NA,0,NA,0,other,non-FFH,othe,0
X31_m_2017,31,16,5412620,4555638,Jakob_Huber_Simon_Reith_Jakob_Strak,2017,R22,west,land,NA,NA,NA,Irlbach,IRL,IRL-2010,2301,579,1082,NA,2010,7,41,0.748,84.5,0.695,13.4,21,0.512,2,0.406,34.3,G214-GE6510,6510,G214,12
X31_m_2018,31,16,5412620,4555638,Jakob_Huber,2018,R,west,land,NA,NA,NA,Irlbach,IRL,IRL-2010,2301,579,1082,NA,2010,8,38,0.643,86.3,0.693,5,21,0.553,1,0.408,35.2,G214-GE6510,6510,G214,12
X31_m_2019,31,16,5412620,4555638,Jakob_Huber_Linda_Weggler,2019,R,west,land,NA,NA,NA,Irlbach,IRL,IRL-2010,2301,579,1082,NA,2010,9,33,0.521,99,0.783,3,20,0.606,2,0.278,27.5,G214-GE6510,6510,G214,12
X31_m_2021,31,16,5412620,4555638,NA,2021,+,west,land,NA,NA,NA,Irlbach,IRL,IRL-2010,2301,579,1082,NA,2010,11,0,NA,0,NA,0,0,NA,0,NA,0,other,non-FFH,othe,0
X32_m_2017,32,16,5412622,4555647,Jakob_Huber_Simon_Reith_Jakob_Strak,2017,R,east,land,NA,NA,NA,Irlbach,IRL,IRL-2010,2301,570,1072,NA,2010,7,11,0.247,42.1,0.891,1,5,0.455,0,0.05,2.1,G213,non-FFH,G213,8
X32_m_2018,32,16,5412622,4555647,Jakob_Huber,2018,R,east,land,NA,NA,NA,Irlbach,IRL,IRL-2010,2301,570,1072,NA,2010,8,14,0.256,71.6,0.888,1,9,0.643,0,0.099,7.1,G213,non-FFH,G213,8
X32_m_2019,32,16,5412622,4555647,Jakob_Huber_Linda_Weggler,2019,R,east,land,NA,NA,NA,Irlbach,IRL,IRL-2010,2301,570,1072,NA,2010,9,23,0.67,79.8,0.489,5.5,13,0.565,0,0.373,29.8,G213,non-FFH,G213,8
X32_m_2021,32,16,5412622,4555647,NA,2021,+,east,land,NA,NA,NA,Irlbach,IRL,IRL-2010,2301,570,1072,NA,2010,11,0,NA,0,NA,0,0,NA,0,NA,0,other,non-FFH,othe,0
X33_m_2017,33,17,5412669,4555707,Jakob_Huber_Simon_Reith_Jakob_Strak,2017,+,north,land,NA,NA,NA,Irlbach,IRL,IRL-2003,2301,514,1003,NA,2003,14,0,NA,0,NA,0,0,NA,0,NA,0,other,non-FFH,othe,0
X33_m_2018,33,17,5412669,4555707,NA,2018,R22,north,land,NA,NA,NA,Irlbach,IRL,IRL-2003,2301,514,1003,NA,2003,15,32,0.721,85.9,0.749,2.1,17,0.531,2,0.787,67.6,G214-GE6510,6510,G214,12
X33_m_2019,33,17,5412669,4555707,NA,2019,R22,north,land,NA,NA,NA,Irlbach,IRL,IRL-2003,2301,514,1003,NA,2003,16,35,0.81,90.7,0.602,1.5,20,0.571,2,0.829,75.2,G214-GE6510,6510,G214,12
X33_m_2021,33,17,5412669,4555707,Markus Bauer,2021,R22,north,land,NA,NA,NA,Irlbach,IRL,IRL-2003,2301,514,1003,NA,2003,18,42,0.608,71.5,0.671,2.5,24,0.571,3,0.853,61,G214-GE6510,6510,G214,12
X34_o_2017,34,17,5412659,4555704,Jakob_Huber_Simon_Reith_Jakob_Strak,2017,R22,south,land,0.0251,0.0608,-0.6397,Irlbach,IRL,IRL-2003,2301,517,1008,NA,2003,14,19,0.687,38.8,0.562,0,15,0.789,0,0.871,33.8,G213,non-FFH,G213,8
X34_o_2018,34,17,5412659,4555704,Jakob_Huber_Linda_Weggler_Laura_Baeumler,2018,R22,south,land,0.0251,0.0608,-0.6397,Irlbach,IRL,IRL-2003,2301,517,1008,NA,2003,15,32,0.721,85.9,0.749,2.1,17,0.531,2,0.787,67.6,G214-GE6510,6510,G214,12
X34_o_2019,34,17,5412659,4555704,Jakob_Huber_Linda_Weggler,2019,R22,south,land,0.0251,0.0608,-0.6397,Irlbach,IRL,IRL-2003,2301,517,1008,NA,2003,16,35,0.81,90.7,0.602,1.5,20,0.571,2,0.829,75.2,G214-GE6510,6510,G214,12
X34_o_2021,34,17,5412659,4555704,Markus Bauer,2021,R,south,land,0.0251,0.0608,-0.6397,Irlbach,IRL,IRL-2003,2301,517,1008,NA,2003,18,12,0.711,36.8,0.511,2,8,0.667,0,0.326,12,G213,non-FFH,G213,8
X35_m_2017,35,18,5412604,4561890,Jakob_Huber_Simon_Reith_Jakob_Strak,2017,R,east,water,NA,NA,NA,Schwarzach-Sulzbach,SCH,SCH-2016,2293,927,479,2023,2016,1,34,0.582,102.1,0.07,9.5,17,0.5,1,0.826,84.3,G214-GE6510,6510,G214,12
X35_m_2018,35,18,5412604,4561890,Jakob_Huber,2018,+,east,water,NA,NA,NA,Schwarzach-Sulzbach,SCH,SCH-2016,2293,927,479,2023,2016,2,0,NA,0,NA,0,0,NA,0,NA,0,other,non-FFH,othe,0
X35_m_2019,35,18,5412604,4561890,Jakob_Huber_Linda_Weggler,2019,R,east,water,NA,NA,NA,Schwarzach-Sulzbach,SCH,SCH-2016,2293,927,479,2023,2016,3,22,0.793,52.8,0.384,4.1,14,0.636,0,0.771,40.7,G213,non-FFH,G213,8
X35_m_2021,35,18,5412604,4561890,NA,2021,+,east,water,NA,NA,NA,Schwarzach-Sulzbach,SCH,SCH-2016,2293,927,479,2023,2016,5,0,NA,0,NA,0,0,NA,0,NA,0,other,non-FFH,othe,0
X36_m_2017,36,18,5412599,4561878,Jakob_Huber_Simon_Reith_Jakob_Strak,2017,R,west,land,NA,NA,NA,Schwarzach-Sulzbach,SCH,SCH-2016,2293,931,469,3122,2016,1,45,0.746,67.6,0.274,27.9,24,0.533,1,0.466,31.5,G214-GE6510,6510,G214,12
X36_m_2018,36,18,5412599,4561878,Jakob_Huber,2018,R22,west,land,NA,NA,NA,Schwarzach-Sulzbach,SCH,SCH-2016,2293,931,469,3122,2016,2,36,0.85,96.9,0.557,15.9,17,0.472,3,0.536,51.9,G214-GE6510,6510,G214,12
X36_m_2019,36,18,5412599,4561878,Jakob_Huber_Linda_Weggler,2019,R,west,land,NA,NA,NA,Schwarzach-Sulzbach,SCH,SCH-2016,2293,931,469,3122,2016,3,36,0.727,55.7,0.194,3.1,22,0.611,1,0.788,43.9,G214-GE00BK,non-FFH,G214,12
X36_m_2021,36,18,5412599,4561878,NA,2021,+,west,land,NA,NA,NA,Schwarzach-Sulzbach,SCH,SCH-2016,2293,931,469,3122,2016,5,0,NA,0,NA,0,0,NA,0,NA,0,other,non-FFH,othe,0
X37_m_2017,37,19,5412141,4562153,Jakob_Huber_Simon_Reith_Jakob_Strak,2017,R,south,land,NA,NA,NA,Schwarzach-Sulzbach,SCH,SCH-2016,2293,399,926,NA,2016,1,31,0.813,28.6,0.332,2.6,14,0.452,0,0.626,17.9,G214-GE6510,6510,G214,12
X37_m_2018,37,19,5412141,4562153,NA,2018,+,south,land,NA,NA,NA,Schwarzach-Sulzbach,SCH,SCH-2016,2293,399,926,NA,2016,2,0,NA,0,NA,0,0,NA,0,NA,0,other,non-FFH,othe,0
X37_m_2019,37,19,5412141,4562153,Jakob_Huber_Linda_Weggler,2019,R22,south,land,NA,NA,NA,Schwarzach-Sulzbach,SCH,SCH-2016,2293,399,926,NA,2016,3,31,0.856,44.6,0.428,1.5,19,0.613,0,0.816,36.4,G214-GE00BK,non-FFH,G214,12
X37_m_2021,37,19,5412141,4562153,NA,2021,+,south,land,NA,NA,NA,Schwarzach-Sulzbach,SCH,SCH-2016,2293,399,926,NA,2016,5,0,NA,0,NA,0,0,NA,0,NA,0,other,non-FFH,othe,0
X38_m_2017,38,19,5412151,4562148,Jakob_Huber_Simon_Reith_Jakob_Strak,2017,R22,north,water,NA,NA,NA,Schwarzach-Sulzbach,SCH,SCH-2016,2293,410,916,NA,2016,1,42,0.786,48.7,0.197,6.7,19,0.452,0,0.733,35.7,G214-GE6510,6510,G214,12
X38_m_2018,38,19,5412151,4562148,NA,2018,+,north,water,NA,NA,NA,Schwarzach-Sulzbach,SCH,SCH-2016,2293,410,916,NA,2016,2,0,NA,0,NA,0,0,NA,0,NA,0,other,non-FFH,othe,0
X38_m_2019,38,19,5412151,4562148,Jakob_Huber_Linda_Weggler,2019,R,north,water,NA,NA,NA,Schwarzach-Sulzbach,SCH,SCH-2016,2293,410,916,NA,2016,3,26,0.573,65.5,0.16,1.7,13,0.5,1,0.797,52.2,G214-GE00BK,non-FFH,G214,12
X38_m_2021,38,19,5412151,4562148,NA,2021,+,north,water,NA,NA,NA,Schwarzach-Sulzbach,SCH,SCH-2016,2293,410,916,NA,2016,5,0,NA,0,NA,0,0,NA,0,NA,0,other,non-FFH,othe,0
X39_m_2017,39,20,5411096,4567747,Jakob_Huber_Jakob_Strak,2017,R21,north,water,-1.7667,-0.2672,-0.469,Natternberg,NAT,NAT-2013,2287,480,212,12136,2013,4,31,0.675,106.6,0.381,13.3,15,0.484,0,0.761,81.1,G213,non-FFH,G213,8
X39_m_2018,39,20,5411096,4567747,Jakob_Huber,2018,R,north,water,-1.7667,-0.2672,-0.469,Natternberg,NAT,NAT-2013,2287,480,212,12136,2013,5,32,0.584,147.1,0.574,6.5,14,0.438,0,0.779,114.6,G213,non-FFH,G213,8
X39_m_2019,39,20,5411096,4567747,Jakob_Huber_Linda_Weggler,2019,R22,north,water,-1.7667,-0.2672,-0.469,Natternberg,NAT,NAT-2013,2287,480,212,12136,2013,6,39,0.846,142.9,0.507,27.3,16,0.41,1,0.472,67.5,G214-GE6510,6510,G214,12
X39_m_2021,39,20,5411096,4567747,Markus Bauer,2021,R,north,water,-1.7667,-0.2672,-0.469,Natternberg,NAT,NAT-2013,2287,480,212,12136,2013,8,27,0.731,128.7,0.657,34.1,11,0.407,0,0.423,54.5,G213,non-FFH,G213,8
X40_m_2017,40,20,5411081,4567737,Jakob_Huber_Jakob_Strak,2017,R,south,land,0.2595,0.8512,-0.9844,Natternberg,NAT,NAT-2013,2287,498,195,12136,2013,4,25,0.74,51,0.137,1.1,14,0.56,2,0.737,37.6,G214-GE00BK,non-FFH,G214,12
X40_m_2018,40,20,5411081,4567737,Jakob_Huber,2018,R22,south,land,0.2595,0.8512,-0.9844,Natternberg,NAT,NAT-2013,2287,498,195,12136,2013,5,29,0.748,96.5,0.582,1,15,0.517,2,0.676,65.2,G214-GE6510,6510,G214,12
X40_m_2019,40,20,5411081,4567737,Jakob_Huber_Linda_Weggler,2019,R22,south,land,0.2595,0.8512,-0.9844,Natternberg,NAT,NAT-2013,2287,498,195,12136,2013,6,32,0.859,100.2,0.435,6.5,17,0.531,4,0.583,58.4,G214-GE6510,6510,G214,12
X40_m_2021,40,20,5411081,4567737,Markus Bauer,2021,R22,south,land,0.2595,0.8512,-0.9844,Natternberg,NAT,NAT-2013,2287,498,195,12136,2013,8,29,0.74,102,0.558,12.8,16,0.552,2,0.617,62.9,G214-GE6510,6510,G214,12
X41_m_2017,41,21,5410515,4568793,Jakob_Huber_Simon_Reith_Jakob_Strak,2017,R22,north,water,-0.7066,-0.0099,-0.9289,Natternberg,NAT,NAT-2013,2286,440,253,3352,2013,4,26,0.579,144.1,0.366,1,13,0.5,1,0.698,100.6,G213,non-FFH,G213,8
X41_m_2018,41,21,5410515,4568793,Jakob_Huber,2018,R22,north,water,-0.7066,-0.0099,-0.9289,Natternberg,NAT,NAT-2013,2286,440,253,3352,2013,5,27,0.724,97.1,0.565,3,14,0.519,1,0.514,49.9,G214-GE6510,6510,G214,12
X41_m_2019,41,21,5410515,4568793,Jakob_Huber_Linda_Weggler,2019,R22,north,water,-0.7066,-0.0099,-0.9289,Natternberg,NAT,NAT-2013,2286,440,253,3352,2013,6,38,0.784,146.5,0.591,20.8,20,0.526,1,0.399,58.4,G214-GE6510,6510,G214,12
X41_m_2021,41,21,5410515,4568793,Markus Bauer,2021,R22,north,water,-0.7066,-0.0099,-0.9289,Natternberg,NAT,NAT-2013,2286,440,253,3352,2013,8,20,0.648,137.4,0.896,18.8,11,0.55,1,0.823,113.1,G213,non-FFH,G213,8
X42_m_2017,42,21,5410497,4568788,Jakob_Huber_Simon_Reith_Jakob_Strak,2017,R22,south,land,-1.147,0.0464,-0.339,Natternberg,NAT,NAT-2013,2286,458,234,3352,2013,4,33,0.652,61.4,0.116,1.7,18,0.545,1,0.873,53.6,G214-GE6510,6510,G214,12
X42_m_2018,42,21,5410497,4568788,Jakob_Huber,2018,R22,south,land,-1.147,0.0464,-0.339,Natternberg,NAT,NAT-2013,2286,458,234,3352,2013,5,24,0.675,61.4,0.493,1,14,0.583,1,0.572,35.1,G213,non-FFH,G213,8
X42_m_2019,42,21,5410497,4568788,Jakob_Huber_Linda_Weggler,2019,R22,south,land,-1.147,0.0464,-0.339,Natternberg,NAT,NAT-2013,2286,458,234,3352,2013,6,28,0.677,111.2,0.548,1.1,14,0.5,1,0.66,73.4,G214-GE00BK,non-FFH,G214,12
X42_m_2021,42,21,5410497,4568788,Markus Bauer,2021,R22,south,land,-1.147,0.0464,-0.339,Natternberg,NAT,NAT-2013,2286,458,234,3352,2013,8,22,0.622,70.4,0.837,1,13,0.591,0,0.676,47.6,G213,non-FFH,G213,8
X43_m_2017,43,22,5411573,4568255,Jakob_Huber_Jakob_Strak,2017,R1A,south,water,-0.8404,0.1698,0.0852,Deggendorf_West,DEG,DEG-2007,2287,187,450,7440,2007,10,19,0.557,100.5,0.876,7,11,0.579,2,0.9,90.4,G213,non-FFH,G213,8
X43_m_2018,43,22,5411573,4568255,Jakob_Huber,2018,R1A,south,water,-0.8404,0.1698,0.0852,Deggendorf_West,DEG,DEG-2007,2287,187,450,7440,2007,11,18,0.641,87.2,0.919,4.5,10,0.556,2,0.867,75.6,G213,non-FFH,G213,8
X43_m_2019,43,22,5411573,4568255,Jakob_Huber_Linda_Weggler,2019,R,south,water,-0.8404,0.1698,0.0852,Deggendorf_West,DEG,DEG-2007,2287,187,450,7440,2007,12,21,0.692,66.9,0.659,4,11,0.524,2,0.828,55.4,G213,non-FFH,G213,8
X43_m_2021,43,22,5411573,4568255,Markus Bauer,2021,R1A,south,water,-0.8404,0.1698,0.0852,Deggendorf_West,DEG,DEG-2007,2287,187,450,7440,2007,14,13,0.552,73.1,0.722,1.5,6,0.462,1,0.932,68.1,G213,non-FFH,G213,8
X44_m_2017,44,22,5411582,4568262,Jakob_Huber_Jakob_Strak,2017,R,north,land,0.4377,0.7878,0.1938,Deggendorf_West,DEG,DEG-2007,2287,198,439,9750,2007,10,29,0.483,55.2,0.861,0.5,17,0.586,3,0.871,48.1,G213,non-FFH,G213,8
X44_m_2018,44,22,5411582,4568262,Jakob_Huber,2018,R22,north,land,0.4377,0.7878,0.1938,Deggendorf_West,DEG,DEG-2007,2287,198,439,9750,2007,11,22,0.628,127.5,0.956,1,12,0.545,2,0.797,101.6,G213,non-FFH,G213,8
X44_m_2019,44,22,5411582,4568262,Jakob_Huber_Linda_Weggler,2019,R1A,north,land,0.4377,0.7878,0.1938,Deggendorf_West,DEG,DEG-2007,2287,198,439,9750,2007,12,20,0.527,72.5,0.921,2,14,0.7,1,0.938,68,G213,non-FFH,G213,8
X44_m_2021,44,22,5411582,4568262,Markus Bauer,2021,R,north,land,0.4377,0.7878,0.1938,Deggendorf_West,DEG,DEG-2007,2287,198,439,9750,2007,14,25,0.495,55.5,0.766,2,17,0.68,1,0.847,47,G214-GE6510,6510,G214,12
X45_m_2017,45,23,5411360,4568677,Jakob_Huber_Jakob_Strak,2017,R,south,water,-0.3195,0.1839,-0.0236,Deggendorf_West,DEG,DEG-2007,2286,214,376,13631,2007,10,25,0.514,71.9,0.908,2,14,0.56,1,0.924,66.4,G213,non-FFH,G213,8
X45_m_2018,45,23,5411360,4568677,Jakob_Huber,2018,R1A,south,water,-0.3195,0.1839,-0.0236,Deggendorf_West,DEG,DEG-2007,2286,214,376,13631,2007,11,17,0.717,71.3,0.879,1,13,0.765,1,0.599,42.7,G213,non-FFH,G213,8
X45_m_2019,45,23,5411360,4568677,Jakob_Huber_Linda_Weggler,2019,R1A,south,water,-0.3195,0.1839,-0.0236,Deggendorf_West,DEG,DEG-2007,2286,214,376,13631,2007,12,17,0.576,69.3,0.413,1.6,9,0.529,1,0.926,64.2,G213,non-FFH,G213,8
X45_m_2021,45,23,5411360,4568677,Markus Bauer,2021,R1A,south,water,-0.3195,0.1839,-0.0236,Deggendorf_West,DEG,DEG-2007,2286,214,376,13631,2007,14,11,0.482,63.8,0.326,0.5,8,0.727,1,0.976,62.3,G213,non-FFH,G213,8
X46_m_2017,46,23,5411372,4568682,Jakob_Huber_Jakob_Strak,2017,R22,north,land,0.1217,0.5595,-0.8759,Deggendorf_West,DEG,DEG-2007,2286,227,363,15009,2007,10,29,0.725,81.8,0.793,4.5,21,0.724,1,0.878,71.8,G214-GE6510,6510,G214,12
X46_m_2018,46,23,5411372,4568682,Jakob_Huber,2018,R22,north,land,0.1217,0.5595,-0.8759,Deggendorf_West,DEG,DEG-2007,2286,227,363,15009,2007,11,20,0.68,61.2,0.81,0.5,14,0.7,1,0.926,56.7,G213,non-FFH,G213,8
X46_m_2019,46,23,5411372,4568682,Jakob_Huber_Linda_Weggler,2019,R,north,land,0.1217,0.5595,-0.8759,Deggendorf_West,DEG,DEG-2007,2286,227,363,15009,2007,12,20,0.422,84.5,0.864,2,14,0.7,0,0.929,78.5,G213,non-FFH,G213,8
X46_m_2021,46,23,5411372,4568682,Markus Bauer,2021,R,north,land,0.1217,0.5595,-0.8759,Deggendorf_West,DEG,DEG-2007,2286,227,363,15009,2007,14,22,0.317,76,0.868,1,12,0.545,0,0.934,71,G213,non-FFH,G213,8
X47_m_2017,47,24,5407024,4569502,Jakob_Huber_Simon_Reith_Jakob_Strak,2017,R22,east,water,NA,NA,NA,Fischerdorf,FIS,FIS-2016,2282,1154,572,NA,2016,1,23,0.36,80,0.125,2,12,0.522,0,0.869,69.5,G213,non-FFH,G213,8
X47_m_2018,47,24,5407024,4569502,Jakob_Huber,2018,R22,east,water,NA,NA,NA,Fischerdorf,FIS,FIS-2016,2282,1154,572,NA,2016,2,27,0.806,82.4,0.494,1.5,16,0.593,0,0.86,70.9,G214-GE6510,6510,G214,12
X47_m_2019,47,24,5407024,4569502,NA,2019,+,east,water,NA,NA,NA,Fischerdorf,FIS,FIS-2016,2282,1154,572,NA,2016,3,0,NA,0,NA,0,0,NA,0,NA,0,other,non-FFH,othe,0
X47_m_2021,47,24,5407024,4569502,NA,2021,+,east,water,NA,NA,NA,Fischerdorf,FIS,FIS-2016,2282,1154,572,NA,2016,5,0,NA,0,NA,0,0,NA,0,NA,0,other,non-FFH,othe,0
X48_m_2017,48,24,5407028,4569491,Jakob_Huber_Simon_Reith_Jakob_Strak,2017,R22,west,water,NA,NA,NA,Fischerdorf,FIS,FIS-2016,2282,1164,579,NA,2016,1,35,0.881,32.1,0.436,2.5,25,0.714,2,0.579,18.6,G214-GE6510,6510,G214,12
X48_m_2018,48,24,5407028,4569491,Jakob_Huber,2018,R22,west,water,NA,NA,NA,Fischerdorf,FIS,FIS-2016,2282,1164,579,NA,2016,2,41,0.653,100.1,0.575,1.5,26,0.634,1,0.879,88,G214-GE6510,6510,G214,12
X48_m_2019,48,24,5407028,4569491,NA,2019,+,west,water,NA,NA,NA,Fischerdorf,FIS,FIS-2016,2282,1164,579,NA,2016,3,0,NA,0,NA,0,0,NA,0,NA,0,other,non-FFH,othe,0
X48_m_2021,48,24,5407028,4569491,NA,2021,+,west,water,NA,NA,NA,Fischerdorf,FIS,FIS-2016,2282,1164,579,NA,2016,5,0,NA,0,NA,0,0,NA,0,NA,0,other,non-FFH,othe,0
X49_m_2017,49,25,5408483,4570425,Jakob_Huber_Simon_Reith_Jakob_Strak,2017,R22,east,water,NA,NA,NA,Fischerdorf,FIS,FIS-2016,2282,933,277,11564,2016,1,44,0.553,117.1,0.307,11.3,22,0.5,3,0.742,86.9,G214-GE6510,6510,G214,12
X49_m_2018,49,25,5408483,4570425,Jakob_Huber,2018,R22,east,water,NA,NA,NA,Fischerdorf,FIS,FIS-2016,2282,933,277,11564,2016,2,42,0.822,83.4,0.371,5.1,22,0.524,2,0.698,58.2,G214-GE6510,6510,G214,12
X49_m_2019,49,25,5408483,4570425,NA,2019,+,east,water,NA,NA,NA,Fischerdorf,FIS,FIS-2016,2282,933,277,11564,2016,3,0,NA,0,NA,0,0,NA,0,NA,0,other,non-FFH,othe,0
X49_m_2021,49,25,5408483,4570425,NA,2021,+,east,water,NA,NA,NA,Fischerdorf,FIS,FIS-2016,2282,933,277,11564,2016,5,0,NA,0,NA,0,0,NA,0,NA,0,other,non-FFH,othe,0
X50_m_2017,50,25,5408488,4570411,Jakob_Huber_Simon_Reith_Jakob_Strak,2017,R22,west,land,NA,NA,NA,Fischerdorf,FIS,FIS-2016,2282,946,291,8670,2016,1,34,0.602,93,0.657,9.8,22,0.647,3,0.834,77.6,G214-GE6510,6510,G214,12
X50_m_2018,50,25,5408488,4570411,Jakob_Huber,2018,R,west,land,NA,NA,NA,Fischerdorf,FIS,FIS-2016,2282,946,291,8670,2016,2,21,0.587,97.4,0.919,38.6,11,0.524,1,0.456,44.4,G213,non-FFH,G213,8
X50_m_2019,50,25,5408488,4570411,NA,2019,+,west,land,NA,NA,NA,Fischerdorf,FIS,FIS-2016,2282,946,291,8670,2016,3,0,NA,0,NA,0,0,NA,0,NA,0,other,non-FFH,othe,0
X50_m_2021,50,25,5408488,4570411,NA,2021,+,west,land,NA,NA,NA,Fischerdorf,FIS,FIS-2016,2282,946,291,8670,2016,5,0,NA,0,NA,0,0,NA,0,NA,0,other,non-FFH,othe,0
X51_m_2017,51,26,5404855,4571060,Jakob_Huber_Simon_Reith_Jakob_Strak,2017,R22,south,water,-0.5363,0.5365,-0.6406,Stoegermuehlbach,STO,STO-2002,2278,1318,9,32711,2002,15,42,0.899,44.2,0.554,4,23,0.548,3,0.57,25.2,G214-GE6510,6510,G214,12
X51_m_2018,51,26,5404855,4571060,Jakob_Huber,2018,R22,south,water,-0.5363,0.5365,-0.6406,Stoegermuehlbach,STO,STO-2002,2278,1318,9,32711,2002,16,30,0.759,75.9,0.78,1.5,18,0.6,0,0.772,58.6,G214-GE6510,6510,G214,12
X51_m_2019,51,26,5404855,4571060,Jakob_Huber_Linda_Weggler,2019,R22,south,water,-0.5363,0.5365,-0.6406,Stoegermuehlbach,STO,STO-2002,2278,1318,9,32711,2002,17,33,0.861,90.5,0.495,12,18,0.545,1,0.535,48.4,G214-GE6510,6510,G214,12
X51_m_2021,51,26,5404855,4571060,Markus Bauer,2021,R,south,water,-0.5363,0.5365,-0.6406,Stoegermuehlbach,STO,STO-2002,2278,1318,9,32711,2002,19,25,0.81,53.9,0.451,9.8,13,0.52,0,0.586,31.6,G213,non-FFH,G213,8
X52_m_2017,52,26,5404864,4571061,Jakob_Huber_Simon_Reith_Jakob_Strak,2017,R,north,land,NA,NA,NA,Stoegermuehlbach,STO,STO-2002,2278,1314,0,32711,2002,15,32,0.692,39.9,0.634,1.5,22,0.688,3,0.837,33.4,G214-GE6510,6510,G214,12
X52_m_2018,52,26,5404864,4571061,Jakob_Huber,2018,+,north,land,NA,NA,NA,Stoegermuehlbach,STO,STO-2002,2278,1314,0,32711,2002,16,0,NA,0,NA,0,0,NA,0,NA,0,other,non-FFH,othe,0
X52_m_2019,52,26,5404864,4571061,Jakob_Huber_Linda_Weggler,2019,R,north,land,NA,NA,NA,Stoegermuehlbach,STO,STO-2002,2278,1314,0,32711,2002,17,29,0.671,83,0.578,1,22,0.759,3,0.458,38,G214-GE6510,6510,G214,12
X52_m_2021,52,26,5404864,4571061,Markus Bauer,2021,R,north,land,NA,NA,NA,Stoegermuehlbach,STO,STO-2002,2278,1314,0,32711,2002,19,37,0.833,40.3,0.392,1.5,22,0.595,1,0.608,24.5,G214-GE6510,6510,G214,12
X53_m_2017,53,27,5404794,4570793,Jakob_Huber,2017,R,south,water,-1.4063,0.4311,0.1999,Stoegermuehlbach,STO,STO-2002,2278,1134,9,25383,2002,15,28,0.388,86.1,0.857,0.1,15,0.536,3,0.815,70.2,G312-GT6210,6210,G312,13
X53_m_2018,53,27,5404794,4570793,Jakob_Huber,2018,R,south,water,-1.4063,0.4311,0.1999,Stoegermuehlbach,STO,STO-2002,2278,1134,9,25383,2002,16,13,0.185,68.4,0.958,0.5,5,0.385,1,0.937,64.1,G213,non-FFH,G213,8
X53_m_2019,53,27,5404794,4570793,Jakob_Huber_Linda_Weggler,2019,R,south,water,-1.4063,0.4311,0.1999,Stoegermuehlbach,STO,STO-2002,2278,1134,9,25383,2002,17,29,0.598,69.6,0.718,1.5,17,0.586,4,0.799,55.6,G312-GT6210,6210,G312,13
X53_m_2021,53,27,5404794,4570793,Markus Bauer,2021,R,south,water,-1.4063,0.4311,0.1999,Stoegermuehlbach,STO,STO-2002,2278,1134,9,25383,2002,19,16,0.357,46.5,0.86,0,9,0.562,1,0.925,43,G213,non-FFH,G213,8
X54_m_2017,54,27,5404803,4570789,Jakob_Huber_Simon_Reith_Jakob_Strak,2017,R,north,land,-0.9746,0.4349,1.1187,Stoegermuehlbach,STO,STO-2002,2278,1125,1,25298,2002,15,29,0.533,61.1,0.802,1,13,0.448,3,0.705,43.1,G213,non-FFH,G213,8
X54_m_2018,54,27,5404803,4570789,Jakob_Huber,2018,R,north,land,-0.9746,0.4349,1.1187,Stoegermuehlbach,STO,STO-2002,2278,1125,1,25298,2002,16,29,0.433,90.4,0.827,0.6,16,0.552,1,0.808,73,G214-GE6510,6510,G214,12
X54_m_2019,54,27,5404803,4570789,Jakob_Huber_Linda_Weggler,2019,R,north,land,-0.9746,0.4349,1.1187,Stoegermuehlbach,STO,STO-2002,2278,1125,1,25298,2002,17,25,0.783,55.3,0.566,0.5,15,0.6,3,0.729,40.3,G214-GE6510,6510,G214,12
X54_m_2021,54,27,5404803,4570789,Markus Bauer,2021,R,north,land,-0.9746,0.4349,1.1187,Stoegermuehlbach,STO,STO-2002,2278,1125,1,25298,2002,19,33,0.68,46.1,0.61,0.5,20,0.606,4,0.646,29.8,G214-GE6510,6510,G214,12
X55_m_2017,55,28,5393648,4582311,Jakob_Huber_Simon_Reith_Jakob_Strak,2017,R,south,water,0.1499,-2.0227,-0.5676,Hofkirchen,HOF,HOF-2012,2256,182,842,NA,2012,5,26,0.545,66.2,0.782,5.1,12,0.462,1,0.302,20,G213,non-FFH,G213,8
X55_m_2018,55,28,5393648,4582311,Jakob_Huber,2018,R22,south,water,0.1499,-2.0227,-0.5676,Hofkirchen,HOF,HOF-2012,2256,182,842,NA,2012,6,21,0.669,105.5,0.801,6.1,10,0.476,0,0.591,62.4,G213,non-FFH,G213,8
X55_m_2019,55,28,5393648,4582311,Jakob_Huber_Linda_Weggler,2019,R22,south,water,0.1499,-2.0227,-0.5676,Hofkirchen,HOF,HOF-2012,2256,182,842,NA,2012,7,35,0.78,128,0.638,8.6,17,0.486,0,0.773,98.9,G214-GE6510,6510,G214,12
X55_m_2021,55,28,5393648,4582311,Markus Bauer,2021,R,south,water,0.1499,-2.0227,-0.5676,Hofkirchen,HOF,HOF-2012,2256,182,842,NA,2012,9,28,0.662,88.4,0.691,9.5,15,0.536,1,0.836,73.9,G214-GE6510,6510,G214,12
X56_m_2017,56,28,5393656,4582309,Jakob_Huber_Simon_Reith_Jakob_Strak,2017,R22,north,land,0.3274,-0.9129,0.0657,Hofkirchen,HOF,HOF-2012,2256,181,835,NA,2012,5,40,0.857,45.4,0.469,1,28,0.7,5,0.802,36.4,G214-GE6510,6510,G214,12
X56_m_2018,56,28,5393656,4582309,Jakob_Huber,2018,R,north,land,0.3274,-0.9129,0.0657,Hofkirchen,HOF,HOF-2012,2256,181,835,NA,2012,6,33,0.833,81,0.427,0,25,0.758,3,0.709,57.4,G312-GT6210,6210,G312,13
X56_m_2019,56,28,5393656,4582309,Jakob_Huber_Linda_Weggler,2019,R,north,land,0.3274,-0.9129,0.0657,Hofkirchen,HOF,HOF-2012,2256,181,835,NA,2012,7,33,0.759,146.5,0.267,0.5,25,0.758,5,0.894,131,G214-GE6510,6510,G214,12
X56_m_2021,56,28,5393656,4582309,Markus Bauer,2021,R,north,land,0.3274,-0.9129,0.0657,Hofkirchen,HOF,HOF-2012,2256,181,835,NA,2012,9,38,0.754,112.6,0.216,0.5,29,0.763,4,0.933,105.1,G214-GE6510,6510,G214,12
X57_o_2017,57,29,5410170,4569880,Jakob_Huber_Simon_Reith_Jakob_Strak,2017,R22,north,water,NA,NA,NA,Saubach,SAU,SAU-2006,2285,210,1158,NA,2006,11,26,0.677,39.3,0.644,1.5,17,0.654,1,0.885,34.8,G214-GE6510,6510,G214,12
X57_o_2018,57,29,5410170,4569880,Jakob_Huber,2018,R22,north,water,NA,NA,NA,Saubach,SAU,SAU-2006,2285,210,1158,NA,2006,12,24,0.771,61.7,0.588,1.5,13,0.542,0,0.69,42.6,G214-GE6510,6510,G214,12
X57_o_2019,57,29,5410170,4569880,Jakob_Huber_Linda_Weggler,2019,R22,north,water,NA,NA,NA,Saubach,SAU,SAU-2006,2285,210,1158,NA,2006,13,36,0.778,61.7,0.624,2.5,19,0.528,0,0.77,47.5,G214-GE6510,6510,G214,12
X57_o_2021,57,29,5410170,4569880,NA,2021,+,north,water,NA,NA,NA,Saubach,SAU,SAU-2006,2285,210,1158,NA,2006,15,0,NA,0,NA,0,0,NA,0,NA,0,other,non-FFH,othe,0
X58_m_2017,58,29,5410157,4569876,Jakob_Huber_Simon_Reith_Jakob_Strak,2017,R,south,land,NA,NA,NA,Saubach,SAU,SAU-2006,2285,223,1155,NA,2006,11,32,0.622,82.3,0.757,1.5,18,0.562,6,0.447,36.8,G214-GE6510,6510,G214,12
X58_m_2018,58,29,5410157,4569876,Jakob_Huber,2018,R,south,land,NA,NA,NA,Saubach,SAU,SAU-2006,2285,223,1155,NA,2006,12,26,0.546,79.9,0.86,4.5,17,0.654,3,0.424,33.9,G214-GE6510,6510,G214,12
X58_m_2019,58,29,5410157,4569876,Jakob_Huber_Linda_Weggler,2019,R,south,land,NA,NA,NA,Saubach,SAU,SAU-2006,2285,223,1155,NA,2006,13,31,0.812,68.4,0.443,4.6,19,0.613,4,0.482,33,G214-GE6510,6510,G214,12
X58_m_2021,58,29,5410157,4569876,NA,2021,+,south,land,NA,NA,NA,Saubach,SAU,SAU-2006,2285,223,1155,NA,2006,15,0,NA,0,NA,0,0,NA,0,NA,0,other,non-FFH,othe,0
X59_m_2017,59,30,5394403,4582207,Jakob_Huber_Simon_Reith_Jakob_Strak,2017,R22,west,water,NA,NA,NA,Hofkirchen,HOF,HOF-2012,2257,127,446,1441,2012,5,24,0.487,69.5,0.649,1.6,13,0.542,1,0.911,63.3,G214-GE6510,6510,G214,12
X59_m_2018,59,30,5394403,4582207,Jakob_Huber,2018,R22,west,water,NA,NA,NA,Hofkirchen,HOF,HOF-2012,2257,127,446,1441,2012,6,24,0.568,106.6,0.9,3,10,0.417,0,0.534,56.9,G213,non-FFH,G213,8
X59_m_2019,59,30,5394403,4582207,Jakob_Huber_Linda_Weggler,2019,R,west,water,NA,NA,NA,Hofkirchen,HOF,HOF-2012,2257,127,446,1441,2012,7,23,0.746,156.5,0.516,2.5,10,0.435,0,0.548,85.7,G214-GE6510,6510,G214,12
X59_m_2021,59,30,5394403,4582207,NA,2021,+,west,water,NA,NA,NA,Hofkirchen,HOF,HOF-2012,2257,127,446,1441,2012,9,0,NA,0,NA,0,0,NA,0,NA,0,other,non-FFH,othe,0
X60_m_2017,60,30,5394404,4582214,Jakob_Huber_Simon_Reith_Jakob_Strak,2017,R1A,east,land,NA,NA,NA,Hofkirchen,HOF,HOF-2012,2257,134,453,1440,2012,5,15,0.466,55.8,0.726,0,12,0.8,4,0.161,9,G213,non-FFH,G213,8
X60_m_2018,60,30,5394404,4582214,Jakob_Huber,2018,R1A,east,land,NA,NA,NA,Hofkirchen,HOF,HOF-2012,2257,134,453,1440,2012,6,13,0.484,65.5,0.641,0.1,8,0.615,4,0.13,8.5,G213,non-FFH,G213,8
X60_m_2019,60,30,5394404,4582214,Jakob_Huber_Linda_Weggler,2019,R1A,east,land,NA,NA,NA,Hofkirchen,HOF,HOF-2012,2257,134,453,1440,2012,7,17,0.667,88.6,0.658,0,11,0.647,4,0.455,40.3,G213,non-FFH,G213,8
X60_m_2021,60,30,5394404,4582214,NA,2021,+,east,land,NA,NA,NA,Hofkirchen,HOF,HOF-2012,2257,134,453,1440,2012,9,0,NA,0,NA,0,0,NA,0,NA,0,other,non-FFH,othe,0
X61_o_2017,61,31,5398153,4575179,Jakob_Huber_Simon_Reith_Jakob_Strak,2017,R,north,water,0.1075,0.5728,-0.2535,Muehlham-Ruckasing,MUE,MUE-2007,2269,70,461,1059,2007,10,29,0.367,80.6,0.868,1.6,16,0.552,0,0.155,12.5,G213,non-FFH,G213,8
X61_o_2018,61,31,5398153,4575179,Jakob_Huber,2018,R,north,water,0.1075,0.5728,-0.2535,Muehlham-Ruckasing,MUE,MUE-2007,2269,70,461,1059,2007,11,29,0.467,103.5,0.81,1.6,17,0.586,0,0.318,32.9,G214-GE6510,6510,G214,12
X61_o_2019,61,31,5398153,4575179,Jakob_Huber_Linda_Weggler,2019,R,north,water,0.1075,0.5728,-0.2535,Muehlham-Ruckasing,MUE,MUE-2007,2269,70,461,1059,2007,12,36,0.686,96.5,0.526,2.5,23,0.639,1,0.518,50,G214-GE6510,6510,G214,12
X61_o_2021,61,31,5398153,4575179,Markus Bauer,2021,R,north,water,0.1075,0.5728,-0.2535,Muehlham-Ruckasing,MUE,MUE-2007,2269,70,461,1059,2007,14,33,0.518,103.8,0.641,1,22,0.667,0,0.316,32.8,G214-GE6510,6510,G214,12
X62_m_2017,62,31,5398141,4575175,Jakob_Huber,2017,R,south,land,0.7871,0.4037,0.0939,Muehlham-Ruckasing,MUE,MUE-2007,2269,81,473,811,2007,10,19,0.527,58.2,0.103,6,11,0.579,2,0.828,48.2,G213,non-FFH,G213,8
X62_m_2018,62,31,5398141,4575175,Jakob_Huber,2018,V38,south,land,0.7871,0.4037,0.0939,Muehlham-Ruckasing,MUE,MUE-2007,2269,81,473,811,2007,11,18,0.535,75.2,0.177,19.8,9,0.5,1,0.657,49.4,G213,non-FFH,G213,8
X62_m_2019,62,31,5398141,4575175,Jakob_Huber_Linda_Weggler,2019,R,south,land,0.7871,0.4037,0.0939,Muehlham-Ruckasing,MUE,MUE-2007,2269,81,473,811,2007,12,21,0.62,75.1,0.15,10.3,12,0.571,2,0.77,57.8,G214-GE00BK,non-FFH,G214,12
X62_m_2021,62,31,5398141,4575175,Markus Bauer,2021,V38,south,land,0.7871,0.4037,0.0939,Muehlham-Ruckasing,MUE,MUE-2007,2269,81,473,811,2007,14,14,0.631,43.4,0.456,9.8,6,0.429,1,0.682,29.6,G213,non-FFH,G213,8
X63_m_2017,63,32,5418240,4543373,Jakob_Huber_Jakob_Strak,2017,R1A,south,water,0.1487,0.7664,-0.6738,Parkstetten-Reibersdorf,PAR,PAR-2008,2319,110,132,6254,2008,9,33,0.648,65.8,0.526,22.9,17,0.515,1,0.289,19,G214-GE6510,6510,G214,12
X63_m_2018,63,32,5418240,4543373,Jakob_Huber,2018,?,south,water,0.1487,0.7664,-0.6738,Parkstetten-Reibersdorf,PAR,PAR-2008,2319,110,132,6254,2008,10,35,0.656,99.3,0.519,14.8,20,0.571,1,0.595,59.1,G214-GE6510,6510,G214,12
X63_m_2019,63,32,5418240,4543373,Jakob_Huber_Linda_Weggler,2019,R,south,water,0.1487,0.7664,-0.6738,Parkstetten-Reibersdorf,PAR,PAR-2008,2319,110,132,6254,2008,11,38,0.778,93.5,0.518,13.8,17,0.447,1,0.582,54.4,G214-GE6510,6510,G214,12
X63_m_2021,63,32,5418240,4543373,Markus Bauer,2021,R1A,south,water,0.1487,0.7664,-0.6738,Parkstetten-Reibersdorf,PAR,PAR-2008,2319,110,132,6254,2008,13,22,0.61,86.6,0.508,20.8,10,0.455,2,0.662,57.3,G213,non-FFH,G213,8
X64_m_2017,64,32,5418247,4543362,Jakob_Huber_Simon_Reith_Jakob_Strak,2017,R22,north,land,2.2407,0.7158,0.106,Parkstetten-Reibersdorf,PAR,PAR-2008,2319,123,132,6170,2008,9,37,0.911,28.7,0.505,3.6,20,0.541,0,0.491,14.1,G214-GE6510,6510,G214,12
X64_m_2018,64,32,5418247,4543362,Jakob_Huber,2018,R,north,land,2.2407,0.7158,0.106,Parkstetten-Reibersdorf,PAR,PAR-2008,2319,123,132,6170,2008,10,32,0.815,56,0.537,2,17,0.531,1,0.638,35.7,G214-GE6510,6510,G214,12
X64_m_2019,64,32,5418247,4543362,Jakob_Huber_Linda_Weggler,2019,R,north,land,2.2407,0.7158,0.106,Parkstetten-Reibersdorf,PAR,PAR-2008,2319,123,132,6170,2008,11,37,0.886,63.9,0.432,1.5,23,0.622,1,0.693,44.3,G214-GE6510,6510,G214,12
X64_m_2021,64,32,5418247,4543362,Markus Bauer,2021,R,north,land,2.2407,0.7158,0.106,Parkstetten-Reibersdorf,PAR,PAR-2008,2319,123,132,6170,2008,13,38,0.72,59.9,0.377,1.5,22,0.579,1,0.703,42.1,G214-GE6510,6510,G214,12
X65_m_2017,65,33,5405220,4572285,Jakob_Huber_Simon_Reith_Jakob_Strak,2017,R,south,land,0.1964,-0.0403,-0.9718,Stoegermuehlbach,STO,STO-2002,2278,1726,8,20294,2002,15,29,0.602,84.8,0.601,0.5,19,0.655,0,0.666,56.5,G214-GE6510,6510,G214,12
X65_m_2018,65,33,5405220,4572285,Jakob_Huber,2018,R,south,land,0.1964,-0.0403,-0.9718,Stoegermuehlbach,STO,STO-2002,2278,1726,8,20294,2002,16,26,0.433,87.1,0.855,0,14,0.538,0,0.856,74.6,G214-GE6510,6510,G214,12
X65_m_2019,65,33,5405220,4572285,Jakob_Huber_Linda_Weggler,2019,R22,south,land,0.1964,-0.0403,-0.9718,Stoegermuehlbach,STO,STO-2002,2278,1726,8,20294,2002,17,36,0.775,130.2,0.532,2,23,0.639,0,0.723,94.1,G214-GE6510,6510,G214,12
X65_m_2021,65,33,5405220,4572285,Markus Bauer,2021,R,south,land,0.1964,-0.0403,-0.9718,Stoegermuehlbach,STO,STO-2002,2278,1726,8,20294,2002,19,27,0.54,101.8,0.484,39.5,13,0.481,0,0.538,54.8,G213,non-FFH,G213,8
X66_m_2017,66,33,5405229,4572279,Jakob_Huber_Simon_Reith_Jakob_Strak,2017,R22,north,water,0.2249,-0.044,-1.0837,Stoegermuehlbach,STO,STO-2002,2278,1723,1,17937,2002,15,22,0.519,105.9,0.938,3,12,0.545,0,0.752,79.6,G213,non-FFH,G213,8
X66_m_2018,66,33,5405229,4572279,Jakob_Huber,2018,R,north,water,0.2249,-0.044,-1.0837,Stoegermuehlbach,STO,STO-2002,2278,1723,1,17937,2002,16,28,0.692,50.9,0.66,7.5,11,0.393,0,0.692,35.2,G214-GE6510,6510,G214,12
X66_m_2019,66,33,5405229,4572279,Jakob_Huber_Linda_Weggler,2019,R,north,water,0.2249,-0.044,-1.0837,Stoegermuehlbach,STO,STO-2002,2278,1723,1,17937,2002,17,36,0.842,113.9,0.313,27.6,14,0.389,1,0.517,58.9,G214-GE6510,6510,G214,12
X66_m_2021,66,33,5405229,4572279,Markus Bauer,2021,R22,north,water,0.2249,-0.044,-1.0837,Stoegermuehlbach,STO,STO-2002,2278,1723,1,17937,2002,19,28,0.734,86.5,0.623,17.6,14,0.5,0,0.635,54.9,G214-GE6510,6510,G214,12
X67_o_2017,67,34,5415826,4555183,Jakob_Huber_Simon_Reith_Jakob_Strak,2017,R22,south,water,-0.4759,0.0589,-0.1642,Pfelling,PFE,PFE-2008,2305,120,1170,NA,2008,9,43,0.795,64.5,0.454,10.5,22,0.512,3,0.665,42.9,G214-GE6510,6510,G214,12
X67_o_2018,67,34,5415826,4555183,Jakob_Huber,2018,R,south,water,-0.4759,0.0589,-0.1642,Pfelling,PFE,PFE-2008,2305,120,1170,NA,2008,10,30,0.798,70.3,0.542,6.5,16,0.533,3,0.653,45.9,G214-GE6510,6510,G214,12
X67_o_2019,67,34,5415826,4555183,Jakob_Huber_Linda_Weggler,2019,R,south,water,-0.4759,0.0589,-0.1642,Pfelling,PFE,PFE-2008,2305,120,1170,NA,2008,11,39,0.784,129.8,0.21,14.3,21,0.538,2,0.424,55.1,G214-GE6510,6510,G214,12
X67_o_2021,67,34,5415826,4555183,Markus Bauer,2021,R,south,water,-0.4759,0.0589,-0.1642,Pfelling,PFE,PFE-2008,2305,120,1170,NA,2008,13,28,0.699,67.1,0.127,19.3,17,0.607,1,0.35,23.5,G214-GE6510,6510,G214,12
X68_m_2017,68,34,5415833,4555191,Jakob_Huber_Simon_Reith_Jakob_Strak,2017,R,north,land,0.5285,0.2463,0.5791,Pfelling,PFE,PFE-2008,2305,131,1170,NA,2008,9,23,0.474,55.3,0.769,2.1,16,0.696,2,0.248,13.7,G214-GE00BK,non-FFH,G214,12
X68_m_2018,68,34,5415833,4555191,Jakob_Huber,2018,R,north,land,0.5285,0.2463,0.5791,Pfelling,PFE,PFE-2008,2305,131,1170,NA,2008,10,23,0.474,55.3,0.834,0.6,13,0.565,2,0.193,10.7,G213,non-FFH,G213,8
X68_m_2019,68,34,5415833,4555191,Jakob_Huber_Linda_Weggler,2019,R,north,land,0.5285,0.2463,0.5791,Pfelling,PFE,PFE-2008,2305,131,1170,NA,2008,11,33,0.671,98.1,0.515,1.5,18,0.545,3,0.286,28.1,G214-GE00BK,non-FFH,G214,12
X68_m_2021,68,34,5415833,4555191,Markus Bauer,2021,V38,north,land,0.5285,0.2463,0.5791,Pfelling,PFE,PFE-2008,2305,131,1170,NA,2008,13,19,0.726,29.1,0.371,9.3,11,0.579,0,0.241,7,G213,non-FFH,G213,8
X69_m_2017,69,35,5412682,4554993,Jakob_Huber,2017,R22,north,water,NA,NA,NA,Irlbach,IRL,IRL-2011,2301,1226,1705,NA,2011,6,43,0.756,112,0.823,3,22,0.512,1,0.292,32.7,G214-GE6510,6510,G214,12
X69_m_2018,69,35,5412682,4554993,NA,2018,+,north,water,NA,NA,NA,Irlbach,IRL,IRL-2011,2301,1226,1705,NA,2011,7,0,NA,0,NA,0,0,NA,0,NA,0,other,non-FFH,othe,0
X69_m_2019,69,35,5412682,4554993,Jakob_Huber_Linda_Weggler,2019,R,north,water,NA,NA,NA,Irlbach,IRL,IRL-2011,2301,1226,1705,NA,2011,8,26,0.786,79.7,0.449,2.5,13,0.5,1,0.531,42.3,G214-GE6510,6510,G214,12
X69_m_2021,69,35,5412682,4554993,Markus Bauer,2021,R22,north,water,NA,NA,NA,Irlbach,IRL,IRL-2011,2301,1226,1705,NA,2011,10,35,0.852,88.5,0.383,5,15,0.429,1,0.493,43.6,G214-GE6510,6510,G214,12
X70_m_2017,70,35,5412675,4554990,Jakob_Huber,2017,R,south,land,0.5942,0.1627,0.4779,Irlbach,IRL,IRL-2011,2301,1228,1709,NA,2011,6,10,0.232,41.6,0.925,0.5,5,0.5,0,0.05,2.1,G213,non-FFH,G213,8
X70_m_2018,70,35,5412675,4554990,Jakob_Huber,2018,V38,south,land,0.5942,0.1627,0.4779,Irlbach,IRL,IRL-2011,2301,1228,1709,NA,2011,7,12,0.375,48.8,0.779,0.5,7,0.583,0,0.135,6.6,G213,non-FFH,G213,8
X70_m_2019,70,35,5412675,4554990,Jakob_Huber_Linda_Weggler,2019,R1A,south,land,0.5942,0.1627,0.4779,Irlbach,IRL,IRL-2011,2301,1228,1709,NA,2011,8,15,0.798,65.3,0.211,5.1,8,0.533,1,0.518,33.8,G213,non-FFH,G213,8
X70_m_2021,70,35,5412675,4554990,Markus Bauer,2021,V38,south,land,0.5942,0.1627,0.4779,Irlbach,IRL,IRL-2011,2301,1228,1709,NA,2011,10,12,0.758,31.1,0.299,8.8,7,0.583,0,0.225,7,G213,non-FFH,G213,8
