plot,changeType,id,shannon,block,location,longitude,latitude,riverkm,side,exposition,constructionYear,C550Perc,calciumcarbonatPerc,CorgPerc,humusPerc,NtotalPerc,cnRatio,pH,sandPerc,siltPerc,clayPerc,phosphorus,phosphorusClass,potassium,magnesium,topsoilDepth,sceletonRatiov,fmDbd,ufcPerc,ufc,surveyYear,surveyYearF,surveyYearFminus,constructionYearF,constructionYearFplus,vegetationCov,vegetationHeight,position,locationAbb,locationYear,conf.low,conf.high,NtotalConc,plotAge,graminoidCov,herbCov,<NA>,accumulatedCov,targetCov,ruderalCov,targetCovratio,graminoidCovratio,speciesRichness,rlgRichness,rlbRichness,targetRichness,ffh6510Richness,ffh6210Richness,table33_4Richness,table34_2Richness,table34_3Richness,targetRichratio,eveness,biotopeType,ffh,baykompv,biotopePoints,min8,min9
01,better,X01_m_2017,NA,1,Parkstetten-Reibersdorf,4543914,5418661,2318,water,south,2008,4.3,35.8,2.108,3.63,0.235,9,7.38,38.4,44.2,17.4,4,A,7,16,22,7,1.32,22.3,49,2017,2017,2016,2008,2009,80,50,m,PAR,PAR-2008,1,1,0.62,9,77,6.7,0,83.7,81.7,0,0.976,0.92,23,0,0,19,8,3,3,0,0,0.826,NA,G213,non-FFH,G213,8,yes,no
01,better,X01_m_2018,NA,1,Parkstetten-Reibersdorf,4543914,5418661,2318,water,south,2008,4.3,35.8,2.108,3.63,0.235,9,7.38,38.4,44.2,17.4,4,A,7,16,22,7,1.32,22.3,49,2018,2018,2017,2008,2009,60,NA,m,PAR,PAR-2008,2,2,0.62,10,65.9,23.8,0,89.7,89.4,0,0.997,0.735,26,0,0,23,8,2,3,0,0,0.885,NA,G214-GE6510,6510,G214,12,yes,yes
01,better,X01_m_2019,NA,1,Parkstetten-Reibersdorf,4543914,5418661,2318,water,south,2008,4.3,35.8,2.108,3.63,0.235,9,7.38,38.4,44.2,17.4,4,A,7,16,22,7,1.32,22.3,49,2019,2019,2018,2008,2009,70,70,m,PAR,PAR-2008,3,3,0.62,11,48.900000000000006,44,0,92.9,87.9,0.5,0.946,0.526,32,4,0,28,8,4,4,0,1,0.875,NA,G214-GE6510,6510,G214,12,yes,yes
01,better,X01_m_2021,NA,1,Parkstetten-Reibersdorf,4543914,5418661,2318,water,south,2008,4.3,35.8,2.108,3.63,0.235,9,7.38,38.4,44.2,17.4,4,A,7,16,22,7,1.32,22.3,49,2021,2021,2020,2008,2009,80,40,m,PAR,PAR-2008,4,4,0.62,13,27.8,52.5,0.5,80.3,78.8,0.5,0.981,0.346,29,2,1,25,7,4,4,0,1,0.862,NA,G214-GE6510,6510,G214,12,yes,yes
02,FFH6510,X02_m_2017,NA,1,Parkstetten-Reibersdorf,4543912,5418670,2318,land,north,2008,3.287,27.4,1.804,3.1,0.193,9.3,7.37,48.5,36.5,15,3,A,6,14,14,40,1.44,13.2,18.5,2017,2017,2016,2008,2009,80,30,m,PAR,PAR-2008,5,5,0.222,9,21.8,15.1,0,36.9,34.4,0,0.932,0.591,40,3,0,35,20,5,8,0,0,0.875,NA,G214-GE6510,6510,G214,12,yes,yes
02,FFH6510,X02_m_2018,NA,1,Parkstetten-Reibersdorf,4543912,5418670,2318,land,north,2008,3.287,27.4,1.804,3.1,0.193,9.3,7.37,48.5,36.5,15,3,A,6,14,14,40,1.44,13.2,18.5,2018,2018,2017,2008,2009,75,60,m,PAR,PAR-2008,6,6,0.222,10,47.6,20.9,0,68.5,64.4,0,0.94,0.695,35,3,1,32,17,7,10,0,2,0.914,NA,G214-GE6510,6510,G214,12,yes,yes
02,FFH6510,X02_m_2019,NA,1,Parkstetten-Reibersdorf,4543912,5418670,2318,land,north,2008,3.287,27.4,1.804,3.1,0.193,9.3,7.37,48.5,36.5,15,3,A,6,14,14,40,1.44,13.2,18.5,2019,2019,2018,2008,2009,70,60,m,PAR,PAR-2008,7,7,0.222,11,48.900000000000006,54.9,0,103.8,101.3,0,0.976,0.471,41,2,0,36,15,7,10,0,1,0.878,NA,G214-GE6510,6510,G214,12,yes,yes
02,FFH6510,X02_m_2021,NA,1,Parkstetten-Reibersdorf,4543912,5418670,2318,land,north,2008,3.287,27.4,1.804,3.1,0.193,9.3,7.37,48.5,36.5,15,3,A,6,14,14,40,1.44,13.2,18.5,2021,2021,2020,2008,2009,70,30,m,PAR,PAR-2008,8,8,0.222,13,23.6,48.900000000000006,0.5,72.5,71.5,0,0.986,0.326,44,3,1,41,20,6,9,0,2,0.932,NA,G214-GE6510,6510,G214,12,yes,yes
03,change,X03_m_2017,NA,2,Parkstetten-Reibersdorf,4544901,5418627,2317,water,south,2008,4.351,36.2,1.474,2.54,0.174,8.5,7.46,45.5,39.3,15.2,1,A,6,15,11,11,1.54,19.6,21.6,2017,2017,2016,2008,2009,70,40,m,PAR,PAR-2008,9,9,0.268,9,50.5,29.6,0,80.1,79,0.5,0.986,0.63,32,1,2,29,11,6,4,0,1,0.906,NA,G214-GE6510,6510,G214,12,yes,yes
03,change,X03_m_2018,NA,2,Parkstetten-Reibersdorf,4544901,5418627,2317,water,south,2008,4.351,36.2,1.474,2.54,0.174,8.5,7.46,45.5,39.3,15.2,1,A,6,15,11,11,1.54,19.6,21.6,2018,2018,2017,2008,2009,35,40,m,PAR,PAR-2008,10,10,0.268,10,31.6,37,0,68.6,66.6,0,0.971,0.461,24,3,3,23,7,6,2,0,2,0.958,NA,G214-GE6510,6510,G214,12,yes,yes
03,change,X03_m_2019,NA,2,Parkstetten-Reibersdorf,4544901,5418627,2317,water,south,2008,4.351,36.2,1.474,2.54,0.174,8.5,7.46,45.5,39.3,15.2,1,A,6,15,11,11,1.54,19.6,21.6,2019,2019,2018,2008,2009,50,60,m,PAR,PAR-2008,11,11,0.268,11,26.3,43.800000000000004,0,70.1,65.5,0.1,0.934,0.375,29,3,4,26,7,5,5,0,1,0.897,NA,G214-GE00BK,non-FFH,G214,12,yes,yes
03,change,X03_m_2021,NA,2,Parkstetten-Reibersdorf,4544901,5418627,2317,water,south,2008,4.351,36.2,1.474,2.54,0.174,8.5,7.46,45.5,39.3,15.2,1,A,6,15,11,11,1.54,19.6,21.6,2021,2021,2020,2008,2009,50,30,m,PAR,PAR-2008,12,12,0.268,13,14.3,28.6,0,42.9,41.4,0,0.965,0.333,24,2,2,21,5,7,4,0,2,0.875,NA,G214-GE00BK,non-FFH,G214,12,yes,yes
04,better,X04_m_2017,NA,2,Parkstetten-Reibersdorf,4544901,5418639,2317,land,north,2008,2.405,20,1.48,2.55,0.142,10.4,7.43,65.3,24.6,10.1,3,A,6,11,13,47,1.42,11.1,14.5,2017,2017,2016,2008,2009,40,10,m,PAR,PAR-2008,13,13,0.141,9,40.5,12.2,0,52.7,51.7,0,0.981,0.769,30,2,2,28,14,7,4,0,2,0.933,NA,G213,non-FFH,G213,8,yes,no
04,better,X04_m_2018,NA,2,Parkstetten-Reibersdorf,4544901,5418639,2317,land,north,2008,2.405,20,1.48,2.55,0.142,10.4,7.43,65.3,24.6,10.1,3,A,6,11,13,47,1.42,11.1,14.5,2018,2018,2017,2008,2009,50,40,m,PAR,PAR-2008,14,14,0.141,10,58.6,26.7,0,85.3,85.3,0,1,0.687,31,4,2,31,11,10,8,0,3,1,NA,G312-GT6210,6210,G312,13,yes,yes
04,better,X04_m_2019,NA,2,Parkstetten-Reibersdorf,4544901,5418639,2317,land,north,2008,2.405,20,1.48,2.55,0.142,10.4,7.43,65.3,24.6,10.1,3,A,6,11,13,47,1.42,11.1,14.5,2019,2019,2018,2008,2009,50,NA,m,PAR,PAR-2008,15,15,0.141,11,54.3,21.2,0,75.5,74.9,0.1,0.992,0.719,31,3,1,29,12,8,6,0,2,0.935,NA,G214-GE6510,6510,G214,12,yes,yes
04,better,X04_m_2021,NA,2,Parkstetten-Reibersdorf,4544901,5418639,2317,land,north,2008,2.405,20,1.48,2.55,0.142,10.4,7.43,65.3,24.6,10.1,3,A,6,11,13,47,1.42,11.1,14.5,2021,2021,2020,2008,2009,50,20,m,PAR,PAR-2008,16,16,0.141,13,27.6,23.3,1,50.9,50.9,0,1,0.542,25,1,0,23,8,6,4,0,2,0.92,NA,G214-GE6510,6510,G214,12,yes,yes
05,non-FFH,X05_m_2017,NA,3,Oebling,4545832,5418126,2316,water_creek,south,2012,4.968,41.4,2.053,3.53,0.272,7.5,7.47,25.5,54.8,19.7,5,A,5,15,17,4,1.25,25,42.5,2017,2017,2016,2012,2013,60,35,m,OEB,OEB-2012,17,17,0.544,5,46,41.4,0,87.4,86.4,0,0.989,0.526,31,0,0,29,15,4,8,0,1,0.935,NA,G214-GE00BK,non-FFH,G214,12,yes,yes
05,non-FFH,X05_m_2018,NA,3,Oebling,4545832,5418126,2316,water_creek,south,2012,4.968,41.4,2.053,3.53,0.272,7.5,7.47,25.5,54.8,19.7,5,A,5,15,17,4,1.25,25,42.5,2018,2018,2017,2012,2013,30,30,m,OEB,OEB-2012,18,18,0.544,6,16.400000000000002,16.400000000000002,0,32.8,30.8,0,0.939,0.5,14,2,0,13,2,4,1,1,1,0.929,NA,G213,non-FFH,G213,8,yes,no
05,non-FFH,X05_m_2019,NA,3,Oebling,4545832,5418126,2316,water_creek,south,2012,4.968,41.4,2.053,3.53,0.272,7.5,7.47,25.5,54.8,19.7,5,A,5,15,17,4,1.25,25,42.5,2019,2019,2018,2012,2013,65,40,m,OEB,OEB-2012,19,19,0.544,7,13.4,83.6,0,97,96.9,0.1,0.999,0.138,14,1,0,13,4,2,2,0,0,0.929,NA,G213,non-FFH,G213,8,yes,no
05,non-FFH,X05_m_2021,NA,3,Oebling,4545832,5418126,2316,water_creek,south,2012,4.968,41.4,2.053,3.53,0.272,7.5,7.47,25.5,54.8,19.7,5,A,5,15,17,4,1.25,25,42.5,2021,2021,2020,2012,2013,30,10,m,OEB,OEB-2012,20,20,0.544,9,2,29.1,0,31.1,30.6,0,0.984,0.064,9,0,1,8,2,2,1,0,0,0.889,NA,G213,non-FFH,G213,8,yes,no
06,better,X06_m_2017,NA,3,Oebling,4545833,5418139,2316,land,north,2012,5.489,45.7,1.579,2.72,0.213,7.4,7.44,24.4,56.9,18.7,11,C,5,14,18,0,1.29,26,46.8,2017,2017,2016,2012,2013,50,30,m,OEB,OEB-2012,21,21,0.495,5,17.5,50.1,0,67.6,67.6,0,1,0.259,20,1,0,20,8,2,4,0,1,1,NA,G214-GE00BK,non-FFH,G214,12,yes,yes
06,better,X06_m_2018,NA,3,Oebling,4545833,5418139,2316,land,north,2012,5.489,45.7,1.579,2.72,0.213,7.4,7.44,24.4,56.9,18.7,11,C,5,14,18,0,1.29,26,46.8,2018,2018,2017,2012,2013,70,40,m,OEB,OEB-2012,22,22,0.495,6,70.1,32,0,102.1,101.6,0,0.995,0.687,28,1,0,27,14,2,9,0,0,0.964,NA,G214-GE6510,6510,G214,12,yes,yes
06,better,X06_m_2019,NA,3,Oebling,4545833,5418139,2316,land,north,2012,5.489,45.7,1.579,2.72,0.213,7.4,7.44,24.4,56.9,18.7,11,C,5,14,18,0,1.29,26,46.8,2019,2019,2018,2012,2013,80,50,m,OEB,OEB-2012,23,23,0.495,7,39.1,76.5,0,115.6,115.1,0,0.996,0.338,27,1,0,26,12,3,7,0,1,0.963,NA,G214-GE6510,6510,G214,12,yes,yes
06,better,X06_m_2021,NA,3,Oebling,4545833,5418139,2316,land,north,2012,5.489,45.7,1.579,2.72,0.213,7.4,7.44,24.4,56.9,18.7,11,C,5,14,18,0,1.29,26,46.8,2021,2021,2020,2012,2013,70,20,m,OEB,OEB-2012,24,24,0.495,9,19.3,55.400000000000006,0.5,74.7,74.2,0.5,0.993,0.258,37,3,0,35,16,5,9,0,1,0.946,NA,G214-GE6510,6510,G214,12,yes,yes
07,change,X07_m_2017,NA,4,Oebling,4546097,5418383,2316,water_creek,east,2012,5.304,44.2,1.805,3.1,0.242,7.5,7.45,16.2,62.2,21.6,6,B,6,16,16,0,1.31,26,41.6,2017,2017,2016,2012,2013,40,20,m,OEB,OEB-2012,25,25,0.507,5,31.6,14.5,0,46.1,46.1,0,1,0.685,24,0,0,24,9,5,8,0,1,1,NA,G214-GE00BK,non-FFH,G214,12,yes,yes
07,change,X07_m_2018,NA,4,Oebling,4546097,5418383,2316,water_creek,east,2012,5.304,44.2,1.805,3.1,0.242,7.5,7.45,16.2,62.2,21.6,6,B,6,16,16,0,1.31,26,41.6,2018,2018,2017,2012,2013,NA,NA,m,OEB,OEB-2012,26,26,0.507,6,38.900000000000006,23.5,0,62.4,62.4,0,1,0.623,19,1,0,19,5,4,3,0,1,1,NA,G213,non-FFH,G213,8,yes,no
07,change,X07_m_2019,NA,4,Oebling,4546097,5418383,2316,water_creek,east,2012,5.304,44.2,1.805,3.1,0.242,7.5,7.45,16.2,62.2,21.6,6,B,6,16,16,0,1.31,26,41.6,2019,2019,2018,2012,2013,65,60,m,OEB,OEB-2012,27,27,0.507,7,71.3,28.900000000000002,0,100.2,97.7,0.5,0.975,0.712,24,1,0,22,6,4,2,0,1,0.917,NA,G214-GE6510,6510,G214,12,yes,yes
07,change,X07_m_2021,NA,4,Oebling,4546097,5418383,2316,water_creek,east,2012,5.304,44.2,1.805,3.1,0.242,7.5,7.45,16.2,62.2,21.6,6,B,6,16,16,0,1.31,26,41.6,2021,2021,2020,2012,2013,NA,NA,m,OEB,OEB-2012,28,28,0.507,9,0,0,0,0,0,0,NA,NA,0,0,0,0,0,0,0,0,0,NA,NA,other,non-FFH,othe,0,no,no
08,change,X08_m_2017,NA,4,Oebling,4546085,5418387,2316,land,west,2012,4.837,40.3,1.75,3.01,0.225,7.8,7.42,30.1,50.8,19.1,10,C,6,14,17,18,1.77,16.4,27.9,2017,2017,2016,2012,2013,40,30,m,OEB,OEB-2012,29,29,0.558,5,37.1,13,0,50.1,50.1,0,1,0.741,21,1,0,21,9,3,3,0,1,1,NA,G214-GE00BK,non-FFH,G214,12,yes,yes
08,change,X08_m_2018,NA,4,Oebling,4546085,5418387,2316,land,west,2012,4.837,40.3,1.75,3.01,0.225,7.8,7.42,30.1,50.8,19.1,10,C,6,14,17,18,1.77,16.4,27.9,2018,2018,2017,2012,2013,30,30,m,OEB,OEB-2012,30,30,0.558,6,27.3,22.400000000000002,0,49.7,49.2,0,0.99,0.549,22,1,0,21,7,4,5,1,0,0.955,NA,G214-GE00BK,non-FFH,G214,12,yes,yes
08,change,X08_m_2019,NA,4,Oebling,4546085,5418387,2316,land,west,2012,4.837,40.3,1.75,3.01,0.225,7.8,7.42,30.1,50.8,19.1,10,C,6,14,17,18,1.77,16.4,27.9,2019,2019,2018,2012,2013,70,55,m,OEB,OEB-2012,31,31,0.558,7,27.3,74,0,101.3,100.3,0,0.99,0.269,36,2,0,34,12,5,8,1,1,0.944,NA,G214-GE6510,6510,G214,12,yes,yes
08,change,X08_m_2021,NA,4,Oebling,4546085,5418387,2316,land,west,2012,4.837,40.3,1.75,3.01,0.225,7.8,7.42,30.1,50.8,19.1,10,C,6,14,17,18,1.77,16.4,27.9,2021,2021,2020,2012,2013,NA,NA,m,OEB,OEB-2012,32,32,0.558,9,0,0,0,0,0,0,NA,NA,0,0,0,0,0,0,0,0,0,NA,NA,other,non-FFH,othe,0,no,no
09,worse,X09_m_2017,NA,5,Oebling,4546913,5417317,2314,water_creek,south,2010,0.934,7.8,2.599,4.47,0.285,9.1,7.28,24.8,41.2,34,10,C,7,21,18,8,1.37,24,43.2,2017,2017,2016,2010,2011,45,50,m,OEB,OEB-2010,33,33,0.664,7,54.9,14.9,0,69.8,68.1,0,0.976,0.787,30,0,0,25,17,2,5,0,0,0.833,NA,G214-GE6510,6510,G214,12,yes,yes
09,worse,X09_m_2018,NA,5,Oebling,4546913,5417317,2314,water_creek,south,2010,0.934,7.8,2.599,4.47,0.285,9.1,7.28,24.8,41.2,34,10,C,7,21,18,8,1.37,24,43.2,2018,2018,2017,2010,2011,60,80,m,OEB,OEB-2010,34,34,0.664,8,51.8,12.7,0,64.5,64,0,0.992,0.803,24,0,0,23,14,2,5,0,0,0.958,NA,G213,non-FFH,G213,8,yes,no
09,worse,X09_m_2019,NA,5,Oebling,4546913,5417317,2314,water_creek,south,2010,0.934,7.8,2.599,4.47,0.285,9.1,7.28,24.8,41.2,34,10,C,7,21,18,8,1.37,24,43.2,2019,2019,2018,2010,2011,50,80,m,OEB,OEB-2010,35,35,0.664,9,42.5,15,0,57.5,56.5,0,0.983,0.739,21,0,0,19,12,2,3,0,0,0.905,NA,G213,non-FFH,G213,8,yes,no
09,worse,X09_m_2021,NA,5,Oebling,4546913,5417317,2314,water_creek,south,2010,0.934,7.8,2.599,4.47,0.285,9.1,7.28,24.8,41.2,34,10,C,7,21,18,8,1.37,24,43.2,2021,2021,2020,2010,2011,70,20,m,OEB,OEB-2010,36,36,0.664,11,63,4,0,67,66.5,0,0.993,0.94,7,0,0,6,2,1,0,0,0,0.857,NA,G213,non-FFH,G213,8,yes,no
10,non-FFH,X10_m_2017,NA,5,Oebling,4546909,5417329,2314,land,north,2010,1.28,10.7,2.655,4.57,0.293,9.1,7.33,25.3,41.6,33.1,13,C,11,23,17,8,1.03,23.9,40.7,2017,2017,2016,2010,2011,30,50,m,OEB,OEB-2010,37,37,0.483,7,41,3.5,0,44.5,44,0.5,0.989,0.921,12,0,0,11,5,1,0,0,0,0.917,NA,G213,non-FFH,G213,8,yes,no
10,non-FFH,X10_m_2018,NA,5,Oebling,4546909,5417329,2314,land,north,2010,1.28,10.7,2.655,4.57,0.293,9.1,7.33,25.3,41.6,33.1,13,C,11,23,17,8,1.03,23.9,40.7,2018,2018,2017,2010,2011,50,40,m,OEB,OEB-2010,38,38,0.483,8,37.5,1,0,38.5,38.5,0,1,0.974,3,0,0,3,1,1,0,0,0,1,NA,G213,non-FFH,G213,8,yes,no
10,non-FFH,X10_m_2019,NA,5,Oebling,4546909,5417329,2314,land,north,2010,1.28,10.7,2.655,4.57,0.293,9.1,7.33,25.3,41.6,33.1,13,C,11,23,17,8,1.03,23.9,40.7,2019,2019,2018,2010,2011,60,60,m,OEB,OEB-2010,39,39,0.483,9,63,3.5,0,66.5,66.5,0,1,0.947,9,0,0,9,3,1,0,0,0,1,NA,G213,non-FFH,G213,8,yes,no
10,non-FFH,X10_m_2021,NA,5,Oebling,4546909,5417329,2314,land,north,2010,1.28,10.7,2.655,4.57,0.293,9.1,7.33,25.3,41.6,33.1,13,C,11,23,17,8,1.03,23.9,40.7,2021,2021,2020,2010,2011,70,20,m,OEB,OEB-2010,40,40,0.483,11,64,11,0,75,73.5,0,0.98,0.853,23,1,0,20,12,2,5,1,0,0.87,NA,G213,non-FFH,G213,8,yes,no
11,change,X11_m_2017,NA,6,Oebling,4546311,5417431,2315,water_creek,north,2010,0.23,1.9,1.887,3.25,0.186,10.1,7.18,54.3,32.3,13.4,6,B,8,14,15,11,1.32,23.1,34.7,2017,2017,2016,2010,2011,65,NA,m,OEB,OEB-2010,41,41,0.319,7,83,33.5,0,116.5,99.5,0.1,0.854,0.712,38,0,0,29,17,1,2,0,1,0.763,NA,G214-GE6510,6510,G214,12,yes,yes
11,change,X11_m_2018,NA,6,Oebling,4546311,5417431,2315,water_creek,north,2010,0.23,1.9,1.887,3.25,0.186,10.1,7.18,54.3,32.3,13.4,6,B,8,14,15,11,1.32,23.1,34.7,2018,2018,2017,2010,2011,80,80,m,OEB,OEB-2010,42,42,0.319,8,62.800000000000004,20.4,0,83.2,72.5,0.3,0.871,0.755,27,0,0,19,15,0,4,0,0,0.704,NA,G213,non-FFH,G213,8,yes,no
11,change,X11_m_2019,NA,6,Oebling,4546311,5417431,2315,water_creek,north,2010,0.23,1.9,1.887,3.25,0.186,10.1,7.18,54.3,32.3,13.4,6,B,8,14,15,11,1.32,23.1,34.7,2019,2019,2018,2010,2011,80,110,m,OEB,OEB-2010,43,43,0.319,9,45.8,48.2,0,94,83.8,0.6,0.891,0.487,35,0,0,27,16,2,6,0,1,0.771,NA,G214-GE6510,6510,G214,12,yes,yes
11,change,X11_m_2021,NA,6,Oebling,4546311,5417431,2315,water_creek,north,2010,0.23,1.9,1.887,3.25,0.186,10.1,7.18,54.3,32.3,13.4,6,B,8,14,15,11,1.32,23.1,34.7,2021,2021,2020,2010,2011,70,50,m,OEB,OEB-2010,44,44,0.319,11,9.5,20.5,1,30,26.5,0.5,0.883,0.317,26,0,0,20,14,0,3,0,0,0.769,NA,G214-GE00BK,non-FFH,G214,12,yes,yes
12,non-FFH,X12_m_2017,NA,6,Oebling,4546311,5417420,2315,land,south,2010,0.255,2.1,2.37,4.08,0.245,9.7,7.26,47.4,29.9,22.7,20,C,13,21,15,18,1.19,21.4,32.1,2017,2017,2016,2010,2011,25,60,m,OEB,OEB-2010,45,45,0.35,7,21.6,13,0,34.6,25.3,0,0.731,0.624,16,0,0,14,8,0,3,0,0,0.875,NA,G213,non-FFH,G213,8,yes,no
12,non-FFH,X12_m_2018,NA,6,Oebling,4546311,5417420,2315,land,south,2010,0.255,2.1,2.37,4.08,0.245,9.7,7.26,47.4,29.9,22.7,20,C,13,21,15,18,1.19,21.4,32.1,2018,2018,2017,2010,2011,25,30,m,OEB,OEB-2010,46,46,0.35,8,15.3,9.6,0,24.9,22.9,0,0.92,0.614,12,0,0,11,7,1,2,0,1,0.917,NA,G211,non-FFH,G211,6,no,no
12,non-FFH,X12_m_2019,NA,6,Oebling,4546311,5417420,2315,land,south,2010,0.255,2.1,2.37,4.08,0.245,9.7,7.26,47.4,29.9,22.7,20,C,13,21,15,18,1.19,21.4,32.1,2019,2019,2018,2010,2011,50,50,m,OEB,OEB-2010,47,47,0.35,9,9.5,50.1,0,59.6,53.1,0,0.891,0.159,17,1,0,14,8,1,0,0,1,0.824,NA,G213,non-FFH,G213,8,yes,no
12,non-FFH,X12_m_2021,NA,6,Oebling,4546311,5417420,2315,land,south,2010,0.255,2.1,2.37,4.08,0.245,9.7,7.26,47.4,29.9,22.7,20,C,13,21,15,18,1.19,21.4,32.1,2021,2021,2020,2010,2011,50,20,m,OEB,OEB-2010,48,48,0.35,11,7,45.1,0,52.1,51.1,0,0.981,0.134,11,1,0,9,4,1,0,1,1,0.818,NA,G213,non-FFH,G213,8,yes,no
13,FFH6510,X13_m_2017,NA,7,Oebling,4547375,5418241,2314,water_creek,north,2006,0.028,0.2,1.034,1.78,0.109,9.5,6.16,42.4,36.4,21.2,23,D,18,17,26,3,1.41,16.5,42.8,2017,2017,2016,2006,2007,75,40,m,OEB,OEB-2006,49,49,0.384,11,27.8,37.1,0,64.9,61.4,0.5,0.946,0.428,27,1,1,23,16,2,5,0,0,0.852,NA,G214-GE6510,6510,G214,12,yes,yes
13,FFH6510,X13_m_2018,NA,7,Oebling,4547375,5418241,2314,water_creek,north,2006,0.028,0.2,1.034,1.78,0.109,9.5,6.16,42.4,36.4,21.2,23,D,18,17,26,3,1.41,16.5,42.8,2018,2018,2017,2006,2007,NA,10,m,OEB,OEB-2006,50,50,0.384,12,34.00000000000001,29.400000000000002,0,63.4,62.3,0,0.983,0.536,24,0,0,21,16,1,5,0,0,0.875,NA,G214-GE6510,6510,G214,12,yes,yes
13,FFH6510,X13_m_2019,NA,7,Oebling,4547375,5418241,2314,water_creek,north,2006,0.028,0.2,1.034,1.78,0.109,9.5,6.16,42.4,36.4,21.2,23,D,18,17,26,3,1.41,16.5,42.8,2019,2019,2018,2006,2007,70,55,m,OEB,OEB-2006,51,51,0.384,13,40.6,82.1,0,122.7,113.4,0,0.924,0.331,30,0,0,28,19,2,4,0,0,0.933,NA,G214-GE6510,6510,G214,12,yes,yes
13,FFH6510,X13_m_2021,NA,7,Oebling,4547375,5418241,2314,water_creek,north,2006,0.028,0.2,1.034,1.78,0.109,9.5,6.16,42.4,36.4,21.2,23,D,18,17,26,3,1.41,16.5,42.8,2021,2021,2020,2006,2007,60,30,m,OEB,OEB-2006,52,52,0.384,15,13,58.3,1,71.3,65.8,0,0.923,0.182,27,0,0,21,15,0,5,0,0,0.778,NA,G214-GE6510,6510,G214,12,yes,yes
14,non-FFH,X14_m_2017,NA,7,Oebling,4547375,5418234,2314,land,south,2006,0.118,1,1.309,2.25,0.132,9.9,7.18,42.3,36.1,21.6,32,E,17,18,15,4,1.47,18.3,27.4,2017,2017,2016,2006,2007,40,50,m,OEB,OEB-2006,53,53,0.272,11,30.8,7.7,0,38.5,19.2,0,0.499,0.8,22,1,0,20,8,2,3,1,1,0.909,NA,G213,non-FFH,G213,8,yes,no
14,non-FFH,X14_m_2018,NA,7,Oebling,4547375,5418234,2314,land,south,2006,0.118,1,1.309,2.25,0.132,9.9,7.18,42.3,36.1,21.6,32,E,17,18,15,4,1.47,18.3,27.4,2018,2018,2017,2006,2007,30,20,m,OEB,OEB-2006,54,54,0.272,12,17.3,10.3,0,27.6,27.6,0,1,0.627,17,1,1,17,4,2,5,0,1,1,NA,G213,non-FFH,G213,8,yes,no
14,non-FFH,X14_m_2019,NA,7,Oebling,4547375,5418234,2314,land,south,2006,0.118,1,1.309,2.25,0.132,9.9,7.18,42.3,36.1,21.6,32,E,17,18,15,4,1.47,18.3,27.4,2019,2019,2018,2006,2007,60,60,m,OEB,OEB-2006,55,55,0.272,13,34.8,46.400000000000006,0,81.2,79.7,0,0.982,0.429,21,0,0,18,7,2,5,0,0,0.857,NA,G213,non-FFH,G213,8,yes,no
14,non-FFH,X14_m_2021,NA,7,Oebling,4547375,5418234,2314,land,south,2006,0.118,1,1.309,2.25,0.132,9.9,7.18,42.3,36.1,21.6,32,E,17,18,15,4,1.47,18.3,27.4,2021,2021,2020,2006,2007,50,20,m,OEB,OEB-2006,56,56,0.272,15,27.8,21.3,0,49.1,29.8,0,0.607,0.566,22,0,1,20,7,2,4,0,1,0.909,NA,G214-GE6510,6510,G214,12,yes,yes
15,worse,X15_m_2017,NA,8,Oebling,4547130,5416962,2314,water_creek,west,2006,0.427,3.6,2.356,4.05,0.233,10.1,7.22,49.4,32,18.6,33,E,35,17,10,13,1.22,22.7,22.7,2017,2017,2016,2006,2007,40,60,m,OEB,OEB-2006,57,57,0.256,11,35.3,16.6,0,51.9,46.9,0,0.904,0.68,31,3,3,27,12,2,4,0,1,0.871,NA,G214-GE6510,6510,G214,12,yes,yes
15,worse,X15_m_2018,NA,8,Oebling,4547130,5416962,2314,water_creek,west,2006,0.427,3.6,2.356,4.05,0.233,10.1,7.22,49.4,32,18.6,33,E,35,17,10,13,1.22,22.7,22.7,2018,2018,2017,2006,2007,25,10,m,OEB,OEB-2006,58,58,0.256,12,45.2,7.3,0,52.5,51.9,0,0.989,0.861,19,2,1,17,7,2,3,0,1,0.895,NA,G213,non-FFH,G213,8,yes,no
15,worse,X15_m_2019,NA,8,Oebling,4547130,5416962,2314,water_creek,west,2006,0.427,3.6,2.356,4.05,0.233,10.1,7.22,49.4,32,18.6,33,E,35,17,10,13,1.22,22.7,22.7,2019,2019,2018,2006,2007,NA,NA,m,OEB,OEB-2006,59,59,0.256,13,0,0,0,0,0,0,NA,NA,0,0,0,0,0,0,0,0,0,NA,NA,other,non-FFH,othe,0,no,no
15,worse,X15_m_2021,NA,8,Oebling,4547130,5416962,2314,water_creek,west,2006,0.427,3.6,2.356,4.05,0.233,10.1,7.22,49.4,32,18.6,33,E,35,17,10,13,1.22,22.7,22.7,2021,2021,2020,2006,2007,NA,NA,m,OEB,OEB-2006,60,60,0.256,15,0,0,0,0,0,0,NA,NA,0,0,0,0,0,0,0,0,0,NA,NA,other,non-FFH,othe,0,no,no
16,change,X16_m_2017,NA,8,Oebling,4547137,5416962,2314,land,east,2006,1.314,10.9,2.486,4.28,0.258,9.6,7.32,41.2,35.9,22.9,5,B,12,17,14,17,1.33,21.7,30.3,2017,2017,2016,2006,2007,35,50,m,OEB,OEB-2006,61,61,0.412,11,26.200000000000003,16.5,0,42.7,41.6,0,0.974,0.614,31,5,5,28,11,2,5,0,1,0.903,NA,G214-GE6510,6510,G214,12,yes,yes
16,change,X16_m_2018,NA,8,Oebling,4547137,5416962,2314,land,east,2006,1.314,10.9,2.486,4.28,0.258,9.6,7.32,41.2,35.9,22.9,5,B,12,17,14,17,1.33,21.7,30.3,2018,2018,2017,2006,2007,30,10,m,OEB,OEB-2006,62,62,0.412,12,24.900000000000002,12.7,0,37.6,37.1,0,0.987,0.662,21,3,3,20,7,2,3,0,1,0.952,NA,G214-GE6510,6510,G214,12,yes,yes
16,change,X16_m_2019,NA,8,Oebling,4547137,5416962,2314,land,east,2006,1.314,10.9,2.486,4.28,0.258,9.6,7.32,41.2,35.9,22.9,5,B,12,17,14,17,1.33,21.7,30.3,2019,2019,2018,2006,2007,NA,NA,m,OEB,OEB-2006,63,63,0.412,13,0,0,0,0,0,0,NA,NA,0,0,0,0,0,0,0,0,0,NA,NA,other,non-FFH,othe,0,no,no
16,change,X16_m_2021,NA,8,Oebling,4547137,5416962,2314,land,east,2006,1.314,10.9,2.486,4.28,0.258,9.6,7.32,41.2,35.9,22.9,5,B,12,17,14,17,1.33,21.7,30.3,2021,2021,2020,2006,2007,NA,NA,m,OEB,OEB-2006,64,64,0.412,15,0,0,0,0,0,0,NA,NA,0,0,0,0,0,0,0,0,0,NA,NA,other,non-FFH,othe,0,no,no
17,better,X17_o_2017,NA,9,Hermannsdorf-Ainbrach,4551938,5417213,2308,water,north,2016,2.748,22.9,1.634,2.81,0.19,8.6,7.45,31.2,46.8,22,9,B,8,15,20,9,1.08,21.9,43.7,2017,2017,2016,2016,2017,50,35,o,HER,HER-2016,65,65,0.369,1,64.8,30.4,0,95.2,54.1,0.6,0.568,0.681,33,1,0,27,14,1,6,0,0,0.818,NA,G213,non-FFH,G213,8,yes,no
17,better,X17_o_2018,NA,9,Hermannsdorf-Ainbrach,4551938,5417213,2308,water,north,2016,2.748,22.9,1.634,2.81,0.19,8.6,7.45,31.2,46.8,22,9,B,8,15,20,9,1.08,21.9,43.7,2018,2018,2017,2016,2017,60,60,o,HER,HER-2016,66,66,0.369,2,43.900000000000006,49.1,0,93,66,0.6,0.71,0.472,47,1,0,35,16,2,7,0,0,0.745,NA,G214-GE6510,6510,G214,12,yes,yes
17,better,X17_o_2019,NA,9,Hermannsdorf-Ainbrach,4551938,5417213,2308,water,north,2016,2.748,22.9,1.634,2.81,0.19,8.6,7.45,31.2,46.8,22,9,B,8,15,20,9,1.08,21.9,43.7,2019,2019,2018,2016,2017,85,70,o,HER,HER-2016,67,67,0.369,3,45.1,74.2,0,119.3,100,0,0.838,0.378,39,1,0,32,16,2,8,0,0,0.821,NA,G214-GE6510,6510,G214,12,yes,yes
17,better,X17_o_2021,NA,9,Hermannsdorf-Ainbrach,4551938,5417213,2308,water,north,2016,2.748,22.9,1.634,2.81,0.19,8.6,7.45,31.2,46.8,22,9,B,8,15,20,9,1.08,21.9,43.7,2021,2021,2020,2016,2017,NA,NA,o,HER,HER-2016,68,68,0.369,5,0,0,0,0,0,0,NA,NA,0,0,0,0,0,0,0,0,0,NA,NA,other,non-FFH,othe,0,no,no
18,non-FFH,X18_m_2017,NA,9,Hermannsdorf-Ainbrach,4551933,5417206,2308,land,south,2016,2.565,21.4,2.121,3.65,0.234,9.1,7.41,36.7,43.3,20,2,A,7,15,15,17,1.33,20,30,2017,2017,2016,2016,2017,30,15,m,HER,HER-2016,69,69,0.405,1,24.8,16.9,0,41.7,22.9,0,0.549,0.595,21,0,0,20,9,2,3,0,1,0.952,NA,G214-GE00BK,non-FFH,G214,12,yes,yes
18,non-FFH,X18_m_2018,NA,9,Hermannsdorf-Ainbrach,4551933,5417206,2308,land,south,2016,2.565,21.4,2.121,3.65,0.234,9.1,7.41,36.7,43.3,20,2,A,7,15,15,17,1.33,20,30,2018,2018,2017,2016,2017,60,30,m,HER,HER-2016,70,70,0.405,2,29.1,22.5,0,51.6,40.3,0,0.781,0.564,23,1,1,20,7,1,3,0,0,0.87,NA,G214-GE00BK,non-FFH,G214,12,yes,yes
18,non-FFH,X18_m_2019,NA,9,Hermannsdorf-Ainbrach,4551933,5417206,2308,land,south,2016,2.565,21.4,2.121,3.65,0.234,9.1,7.41,36.7,43.3,20,2,A,7,15,15,17,1.33,20,30,2019,2019,2018,2016,2017,50,50,m,HER,HER-2016,71,71,0.405,3,15,35.8,0,50.8,46.8,0.5,0.921,0.295,29,2,1,24,7,2,3,1,0,0.828,NA,G214-GE00BK,non-FFH,G214,12,yes,yes
18,non-FFH,X18_m_2021,NA,9,Hermannsdorf-Ainbrach,4551933,5417206,2308,land,south,2016,2.565,21.4,2.121,3.65,0.234,9.1,7.41,36.7,43.3,20,2,A,7,15,15,17,1.33,20,30,2021,2021,2020,2016,2017,NA,NA,m,HER,HER-2016,72,72,0.405,5,0,0,0,0,0,0,NA,NA,0,0,0,0,0,0,0,0,0,NA,NA,other,non-FFH,othe,0,no,no
19,better,X19_o_2017,NA,10,Hermannsdorf-Ainbrach,4552292,5416931,2308,water,north,2016,2.013,16.8,1.204,2.07,0.134,9,7.41,31.5,45.8,22.7,19,C,14,14,15,4,1.44,18.2,27.3,2017,2017,2016,2016,2017,60,10,o,HER,HER-2016,73,73,0.27,1,44.5,39.1,0,83.6,79.1,0,0.946,0.532,17,1,0,15,7,1,2,0,0,0.882,NA,G213,non-FFH,G213,8,yes,no
19,better,X19_o_2018,NA,10,Hermannsdorf-Ainbrach,4552292,5416931,2308,water,north,2016,2.013,16.8,1.204,2.07,0.134,9,7.41,31.5,45.8,22.7,19,C,14,14,15,4,1.44,18.2,27.3,2018,2018,2017,2016,2017,70,70,o,HER,HER-2016,74,74,0.27,2,22.3,41.800000000000004,0,64.1,50.2,0.5,0.783,0.348,36,0,0,27,16,1,8,0,0,0.75,NA,G214-GE6510,6510,G214,12,yes,yes
19,better,X19_o_2019,NA,10,Hermannsdorf-Ainbrach,4552292,5416931,2308,water,north,2016,2.013,16.8,1.204,2.07,0.134,9,7.41,31.5,45.8,22.7,19,C,14,14,15,4,1.44,18.2,27.3,2019,2019,2018,2016,2017,70,60,o,HER,HER-2016,75,75,0.27,3,37.1,44.9,0,82,78.9,1.1,0.962,0.452,33,1,0,26,12,2,7,0,0,0.788,NA,G214-GE6510,6510,G214,12,yes,yes
19,better,X19_o_2021,NA,10,Hermannsdorf-Ainbrach,4552292,5416931,2308,water,north,2016,2.013,16.8,1.204,2.07,0.134,9,7.41,31.5,45.8,22.7,19,C,14,14,15,4,1.44,18.2,27.3,2021,2021,2020,2016,2017,NA,NA,o,HER,HER-2016,76,76,0.27,5,0,0,0,0,0,0,NA,NA,0,0,0,0,0,0,0,0,0,NA,NA,other,non-FFH,othe,0,no,no
20,change,X20_m_2017,NA,10,Hermannsdorf-Ainbrach,4552285,5416920,2308,land,south,2016,2.939,24.5,2.08,3.58,0.228,9.1,7.38,37.8,42.5,19.7,3,A,7,16,20,15,1.08,20.3,40.6,2017,2017,2016,2016,2017,40,35,m,HER,HER-2016,77,77,0.419,1,46.6,31.400000000000002,0,78,57.7,0,0.74,0.597,29,1,0,25,12,2,7,0,0,0.862,NA,G214-GE00BK,non-FFH,G214,12,yes,yes
20,change,X20_m_2018,NA,10,Hermannsdorf-Ainbrach,4552285,5416920,2308,land,south,2016,2.939,24.5,2.08,3.58,0.228,9.1,7.38,37.8,42.5,19.7,3,A,7,16,20,15,1.08,20.3,40.6,2018,2018,2017,2016,2017,50,30,m,HER,HER-2016,78,78,0.419,2,21.3,36.800000000000004,0,58.1,53.5,0.1,0.921,0.367,24,1,1,21,8,2,4,0,0,0.875,NA,G214-GE6510,6510,G214,12,yes,yes
20,change,X20_m_2019,NA,10,Hermannsdorf-Ainbrach,4552285,5416920,2308,land,south,2016,2.939,24.5,2.08,3.58,0.228,9.1,7.38,37.8,42.5,19.7,3,A,7,16,20,15,1.08,20.3,40.6,2019,2019,2018,2016,2017,60,60,m,HER,HER-2016,79,79,0.419,3,24.8,57.6,0,82.4,76.9,1,0.933,0.301,32,1,0,24,6,3,6,0,0,0.75,NA,G214-GE00BK,non-FFH,G214,12,yes,yes
20,change,X20_m_2021,NA,10,Hermannsdorf-Ainbrach,4552285,5416920,2308,land,south,2016,2.939,24.5,2.08,3.58,0.228,9.1,7.38,37.8,42.5,19.7,3,A,7,16,20,15,1.08,20.3,40.6,2021,2021,2020,2016,2017,NA,NA,m,HER,HER-2016,80,80,0.419,5,0,0,0,0,0,0,NA,NA,0,0,0,0,0,0,0,0,0,NA,NA,other,non-FFH,othe,0,no,no
21,non-FFH,X21_m_2017,NA,11,Pfelling,4555538,5415944,2305,water_creek,south,2008,0.506,4.2,2.446,4.21,0.251,9.7,7.31,27.2,46.4,26.4,1,A,6,34,23,0,1.31,26,59.8,2017,2017,2016,2008,2009,90,35,m,PFE,PFE-2008,81,81,0.756,9,122.3,7,0,129.3,128.8,0,0.996,0.946,15,2,1,14,4,1,2,0,0,0.933,NA,G213,non-FFH,G213,8,yes,no
21,non-FFH,X21_m_2018,NA,11,Pfelling,4555538,5415944,2305,water_creek,south,2008,0.506,4.2,2.446,4.21,0.251,9.7,7.31,27.2,46.4,26.4,1,A,6,34,23,0,1.31,26,59.8,2018,2018,2017,2008,2009,80,30,m,PFE,PFE-2008,82,82,0.756,10,78.5,2.7,0,81.2,81.2,0,1,0.967,13,3,2,13,3,1,2,0,0,1,NA,G213,non-FFH,G213,8,yes,no
21,non-FFH,X21_m_2019,NA,11,Pfelling,4555538,5415944,2305,water_creek,south,2008,0.506,4.2,2.446,4.21,0.251,9.7,7.31,27.2,46.4,26.4,1,A,6,34,23,0,1.31,26,59.8,2019,2019,2018,2008,2009,60,50,m,PFE,PFE-2008,83,83,0.756,11,38.900000000000006,59.1,0,98,86.7,1,0.885,0.397,23,2,1,17,3,1,2,1,0,0.739,NA,G213,non-FFH,G213,8,yes,no
21,non-FFH,X21_m_2021,NA,11,Pfelling,4555538,5415944,2305,water_creek,south,2008,0.506,4.2,2.446,4.21,0.251,9.7,7.31,27.2,46.4,26.4,1,A,6,34,23,0,1.31,26,59.8,2021,2021,2020,2008,2009,60,40,m,PFE,PFE-2008,84,84,0.756,13,24.3,37.1,0,61.4,53.4,0,0.87,0.396,16,1,2,14,3,2,1,0,0,0.875,NA,G213,non-FFH,G213,8,yes,no
22,non-FFH,X22_m_2017,NA,11,Pfelling,4555531,5415946,2305,land,north,2008,0.776,6.5,1.786,3.07,0.19,9.4,7.35,41.9,38.9,19.2,2,A,8,21,8,12,1.29,21.1,16.9,2017,2017,2016,2008,2009,30,40,m,PFE,PFE-2008,85,85,0.172,9,41.5,11,0,52.5,52,0,0.99,0.79,19,1,0,18,6,3,2,0,0,0.947,NA,G213,non-FFH,G213,8,yes,no
22,non-FFH,X22_m_2018,NA,11,Pfelling,4555531,5415946,2305,land,north,2008,0.776,6.5,1.786,3.07,0.19,9.4,7.35,41.9,38.9,19.2,2,A,8,21,8,12,1.29,21.1,16.9,2018,2018,2017,2008,2009,30,30,m,PFE,PFE-2008,86,86,0.172,10,43.5,7.5,0,51,51,0,1,0.853,15,1,0,15,4,3,3,0,0,1,NA,G213,non-FFH,G213,8,yes,no
22,non-FFH,X22_m_2019,NA,11,Pfelling,4555531,5415946,2305,land,north,2008,0.776,6.5,1.786,3.07,0.19,9.4,7.35,41.9,38.9,19.2,2,A,8,21,8,12,1.29,21.1,16.9,2019,2019,2018,2008,2009,50,60,m,PFE,PFE-2008,87,87,0.172,11,73.8,27.400000000000002,0,101.2,100.7,0,0.995,0.729,21,1,0,20,6,3,3,0,0,0.952,NA,G214-GE00BK,non-FFH,G214,12,yes,yes
22,non-FFH,X22_m_2021,NA,11,Pfelling,4555531,5415946,2305,land,north,2008,0.776,6.5,1.786,3.07,0.19,9.4,7.35,41.9,38.9,19.2,2,A,8,21,8,12,1.29,21.1,16.9,2021,2021,2020,2008,2009,30,10,m,PFE,PFE-2008,88,88,0.172,13,23.8,10,0,33.8,33.3,0,0.985,0.704,16,1,0,15,3,3,3,0,0,0.938,NA,G213,non-FFH,G213,8,yes,no
23,FFH6510,X23_m_2017,NA,12,Pfelling,4555683,5416175,2305,water_creek,south,2008,0.891,7.4,1.969,3.39,0.199,9.9,7.26,55.8,28.9,15.3,3,A,7,16,12,21,1.5,17.4,20.8,2017,2017,2016,2008,2009,50,45,m,PFE,PFE-2008,89,89,0.269,9,51,13.299999999999999,0,64.3,63.2,0.1,0.983,0.793,27,3,2,24,8,3,3,0,1,0.889,NA,G214-GE6510,6510,G214,12,yes,yes
23,FFH6510,X23_m_2018,NA,12,Pfelling,4555683,5416175,2305,water_creek,south,2008,0.891,7.4,1.969,3.39,0.199,9.9,7.26,55.8,28.9,15.3,3,A,7,16,12,21,1.5,17.4,20.8,2018,2018,2017,2008,2009,50,45,m,PFE,PFE-2008,90,90,0.269,10,30.8,15.9,0,46.7,45.7,0,0.979,0.66,36,3,2,34,12,5,5,0,1,0.944,NA,G214-GE6510,6510,G214,12,yes,yes
23,FFH6510,X23_m_2019,NA,12,Pfelling,4555683,5416175,2305,water_creek,south,2008,0.891,7.4,1.969,3.39,0.199,9.9,7.26,55.8,28.9,15.3,3,A,7,16,12,21,1.5,17.4,20.8,2019,2019,2018,2008,2009,70,65,m,PFE,PFE-2008,91,91,0.269,11,45.400000000000006,36.1,0,81.5,74.8,0.2,0.918,0.557,41,3,1,36,12,6,5,0,1,0.878,NA,G214-GE6510,6510,G214,12,yes,yes
23,FFH6510,X23_m_2021,NA,12,Pfelling,4555683,5416175,2305,water_creek,south,2008,0.891,7.4,1.969,3.39,0.199,9.9,7.26,55.8,28.9,15.3,3,A,7,16,12,21,1.5,17.4,20.8,2021,2021,2020,2008,2009,60,40,m,PFE,PFE-2008,92,92,0.269,13,40.900000000000006,26.8,1,67.7,65.2,0,0.963,0.604,30,3,2,26,7,5,3,0,1,0.867,NA,G214-GE6510,6510,G214,12,yes,yes
24,change,X24_m_2017,NA,12,Pfelling,4555677,5416180,2305,land,north,2008,1.497,12.5,2.155,3.71,0.219,9.8,7.27,51.4,32.5,16.1,2,A,8,16,9,20,1.39,20.9,18.8,2017,2017,2016,2008,2009,50,40,m,PFE,PFE-2008,93,93,0.213,9,43,15.799999999999999,0,58.8,58.3,0,0.991,0.731,30,1,0,29,14,6,5,0,2,0.967,NA,G214-GE6510,6510,G214,12,yes,yes
24,change,X24_m_2018,NA,12,Pfelling,4555677,5416180,2305,land,north,2008,1.497,12.5,2.155,3.71,0.219,9.8,7.27,51.4,32.5,16.1,2,A,8,16,9,20,1.39,20.9,18.8,2018,2018,2017,2008,2009,60,30,m,PFE,PFE-2008,94,94,0.213,10,48,8.1,0,56.1,55.1,0,0.982,0.856,24,1,0,22,8,3,6,0,0,0.917,NA,G213,non-FFH,G213,8,yes,no
24,change,X24_m_2019,NA,12,Pfelling,4555677,5416180,2305,land,north,2008,1.497,12.5,2.155,3.71,0.219,9.8,7.27,51.4,32.5,16.1,2,A,8,16,9,20,1.39,20.9,18.8,2019,2019,2018,2008,2009,70,60,m,PFE,PFE-2008,95,95,0.213,11,43.900000000000006,42.6,0,86.5,84,0,0.971,0.508,31,1,0,29,10,4,5,0,0,0.935,NA,G214-GE6510,6510,G214,12,yes,yes
24,change,X24_m_2021,NA,12,Pfelling,4555677,5416180,2305,land,north,2008,1.497,12.5,2.155,3.71,0.219,9.8,7.27,51.4,32.5,16.1,2,A,8,16,9,20,1.39,20.9,18.8,2021,2021,2020,2008,2009,60,30,m,PFE,PFE-2008,96,96,0.213,13,48.5,21,0,69.5,65,0,0.935,0.698,25,1,0,23,7,5,4,0,1,0.92,NA,G214-GE6510,6510,G214,12,yes,yes
25,change,X25_m_2017,NA,13,Irlbach,4554430,5412276,2301,water_creek,west,2011,0.619,5.2,1.73,2.98,0.164,10.5,7.33,53.8,31.6,14.6,2,A,9,13,8,38,1.41,13.7,10.9,2017,2017,2016,2011,2012,60,40,m,IRL,IRL-2011,97,97,0.116,6,40.400000000000006,16,0,56.4,54.4,0.5,0.965,0.716,24,0,0,20,10,2,4,0,0,0.833,NA,G214-GE6510,6510,G214,12,yes,yes
25,change,X25_m_2018,NA,13,Irlbach,4554430,5412276,2301,water_creek,west,2011,0.619,5.2,1.73,2.98,0.164,10.5,7.33,53.8,31.6,14.6,2,A,9,13,8,38,1.41,13.7,10.9,2018,2018,2017,2011,2012,60,40,m,IRL,IRL-2011,98,98,0.116,7,55.6,8.8,0,64.4,63.9,0,0.992,0.863,18,1,0,17,4,2,2,0,0,0.944,NA,G213,non-FFH,G213,8,yes,no
25,change,X25_m_2019,NA,13,Irlbach,4554430,5412276,2301,water_creek,west,2011,0.619,5.2,1.73,2.98,0.164,10.5,7.33,53.8,31.6,14.6,2,A,9,13,8,38,1.41,13.7,10.9,2019,2019,2018,2011,2012,65,40,m,IRL,IRL-2011,99,99,0.116,8,58.1,26.8,0,84.9,84.4,0,0.994,0.684,21,0,0,20,9,3,6,0,0,0.952,NA,G214-GE6510,6510,G214,12,yes,yes
25,change,X25_m_2021,NA,13,Irlbach,4554430,5412276,2301,water_creek,west,2011,0.619,5.2,1.73,2.98,0.164,10.5,7.33,53.8,31.6,14.6,2,A,9,13,8,38,1.41,13.7,10.9,2021,2021,2020,2011,2012,NA,NA,m,IRL,IRL-2011,100,100,0.116,10,0,0,0,0,0,0,NA,NA,0,0,0,0,0,0,0,0,0,NA,NA,other,non-FFH,othe,0,no,no
26,non-FFH,X26_m_2017,NA,13,Irlbach,4554441,5412516,2301,land,east,2011,0.772,6.4,2.686,4.62,0.268,10,7.31,42.2,37.7,20.1,7,B,7,12,20,17,1.47,17.5,35,2017,2017,2016,2011,2012,50,30,m,IRL,IRL-2011,101,101,0.67,6,38.6,3.6,0,42.2,42.2,0,1,0.915,12,0,0,12,6,2,0,0,0,1,NA,G213,non-FFH,G213,8,yes,no
26,non-FFH,X26_m_2018,NA,13,Irlbach,4554441,5412516,2301,land,east,2011,0.772,6.4,2.686,4.62,0.268,10,7.31,42.2,37.7,20.1,7,B,7,12,20,17,1.47,17.5,35,2018,2018,2017,2011,2012,70,30,m,IRL,IRL-2011,102,102,0.67,7,63.2,4.6,0,67.8,67.8,0,1,0.932,11,0,0,11,4,2,0,0,0,1,NA,G213,non-FFH,G213,8,yes,no
26,non-FFH,X26_m_2019,NA,13,Irlbach,4554441,5412516,2301,land,east,2011,0.772,6.4,2.686,4.62,0.268,10,7.31,42.2,37.7,20.1,7,B,7,12,20,17,1.47,17.5,35,2019,2019,2018,2011,2012,60,35,m,IRL,IRL-2011,103,103,0.67,8,67,18,0,85,84,0.5,0.988,0.788,17,0,1,15,6,2,1,0,0,0.882,NA,G213,non-FFH,G213,8,yes,no
26,non-FFH,X26_m_2021,NA,13,Irlbach,4554441,5412516,2301,land,east,2011,0.772,6.4,2.686,4.62,0.268,10,7.31,42.2,37.7,20.1,7,B,7,12,20,17,1.47,17.5,35,2021,2021,2020,2011,2012,NA,NA,m,IRL,IRL-2011,104,104,0.67,10,0,0,0,0,0,0,NA,NA,0,0,0,0,0,0,0,0,0,NA,NA,other,non-FFH,othe,0,no,no
27,better,X27_m_2017,NA,14,Irlbach,4554294,5412036,2301,water_creek,north,2011,1.09,9.1,3.238,5.57,0.305,10.6,7.3,16.3,58.4,25.3,13,C,8,15,15,5,1.37,26.5,39.8,2017,2017,2016,2011,2012,50,30,m,IRL,IRL-2011,105,105,0.585,6,33.1,10.2,0.5,43.3,40.6,0.1,0.938,0.764,30,0,0,22,15,2,3,0,0,0.733,NA,G213,non-FFH,G213,8,yes,no
27,better,X27_m_2018,NA,14,Irlbach,4554294,5412036,2301,water_creek,north,2011,1.09,9.1,3.238,5.57,0.305,10.6,7.3,16.3,58.4,25.3,13,C,8,15,15,5,1.37,26.5,39.8,2018,2018,2017,2011,2012,70,80,m,IRL,IRL-2011,106,106,0.585,7,64.6,14.299999999999999,0,78.9,71.7,0.1,0.909,0.819,30,0,0,24,15,1,5,0,0,0.8,NA,G214-GE6510,6510,G214,12,yes,yes
27,better,X27_m_2019,NA,14,Irlbach,4554294,5412036,2301,water_creek,north,2011,1.09,9.1,3.238,5.57,0.305,10.6,7.3,16.3,58.4,25.3,13,C,8,15,15,5,1.37,26.5,39.8,2019,2019,2018,2011,2012,60,90,m,IRL,IRL-2011,107,107,0.585,8,72.1,26.1,0.5,98.2,86.2,0,0.878,0.734,33,0,0,26,16,2,4,0,0,0.788,NA,G214-GE6510,6510,G214,12,yes,yes
27,better,X27_m_2021,NA,14,Irlbach,4554294,5412036,2301,water_creek,north,2011,1.09,9.1,3.238,5.57,0.305,10.6,7.3,16.3,58.4,25.3,13,C,8,15,15,5,1.37,26.5,39.8,2021,2021,2020,2011,2012,80,40,m,IRL,IRL-2011,108,108,0.585,10,52.1,27,1.5,79.1,73.1,0.5,0.924,0.659,37,1,0,29,19,2,5,0,0,0.784,NA,G214-GE6510,6510,G214,12,yes,yes
28,non-FFH,X28_m_2017,NA,14,Irlbach,4554292,5412027,2301,land,south,2011,1.237,10.3,2.916,5.02,0.286,10.2,7.35,15,60.2,24.8,15,C,7,16,20,14,1.01,24,48,2017,2017,2016,2011,2012,40,30,m,IRL,IRL-2011,109,109,0.491,6,45,7.5,0.5,52.5,52,0,0.99,0.857,17,0,0,15,9,2,2,0,0,0.882,NA,G213,non-FFH,G213,8,yes,no
28,non-FFH,X28_m_2018,NA,14,Irlbach,4554292,5412027,2301,land,south,2011,1.237,10.3,2.916,5.02,0.286,10.2,7.35,15,60.2,24.8,15,C,7,16,20,14,1.01,24,48,2018,2018,2017,2011,2012,60,30,m,IRL,IRL-2011,110,110,0.491,7,45.1,21.3,0,66.4,65.9,0,0.992,0.679,13,0,0,12,7,2,2,0,0,0.923,NA,G213,non-FFH,G213,8,yes,no
28,non-FFH,X28_m_2019,NA,14,Irlbach,4554292,5412027,2301,land,south,2011,1.237,10.3,2.916,5.02,0.286,10.2,7.35,15,60.2,24.8,15,C,7,16,20,14,1.01,24,48,2019,2019,2018,2011,2012,60,60,m,IRL,IRL-2011,111,111,0.491,8,28.400000000000002,60.3,0.5,88.7,85.2,1,0.961,0.32,15,0,0,10,3,2,1,0,0,0.667,NA,G213,non-FFH,G213,8,yes,no
28,non-FFH,X28_m_2021,NA,14,Irlbach,4554292,5412027,2301,land,south,2011,1.237,10.3,2.916,5.02,0.286,10.2,7.35,15,60.2,24.8,15,C,7,16,20,14,1.01,24,48,2021,2021,2020,2011,2012,50,40,m,IRL,IRL-2011,112,112,0.491,10,44.1,14.3,0,58.4,54.4,0,0.932,0.755,14,0,0,13,4,2,1,0,0,0.929,NA,G213,non-FFH,G213,8,yes,no
29,non-FFH,X29_m_2017,NA,15,Mariaposching,4559495,5410119,2297,water,south,2010,0.668,5.6,1.439,2.48,0.148,9.7,7.28,29.3,44.5,26.2,29,D,14,17,20,8,1.52,17.5,35.1,2017,2017,2016,2010,2011,70,45,m,MAR,MAR-2010,113,113,0.405,7,66.5,9.8,0,76.3,75.2,0,0.986,0.872,19,1,1,16,12,1,2,0,0,0.842,NA,G213,non-FFH,G213,8,yes,no
29,non-FFH,X29_m_2018,NA,15,Mariaposching,4559495,5410119,2297,water,south,2010,0.668,5.6,1.439,2.48,0.148,9.7,7.28,29.3,44.5,26.2,29,D,14,17,20,8,1.52,17.5,35.1,2018,2018,2017,2010,2011,75,50,m,MAR,MAR-2010,114,114,0.405,8,48.5,19,0,67.5,64,1,0.948,0.719,22,0,0,18,11,1,3,0,0,0.818,NA,G213,non-FFH,G213,8,yes,no
29,non-FFH,X29_m_2019,NA,15,Mariaposching,4559495,5410119,2297,water,south,2010,0.668,5.6,1.439,2.48,0.148,9.7,7.28,29.3,44.5,26.2,29,D,14,17,20,8,1.52,17.5,35.1,2019,2019,2018,2010,2011,65,45,m,MAR,MAR-2010,115,115,0.405,9,67,25.4,0,92.4,91.4,1,0.989,0.725,16,0,1,14,8,1,3,0,0,0.875,NA,G213,non-FFH,G213,8,yes,no
29,non-FFH,X29_m_2021,NA,15,Mariaposching,4559495,5410119,2297,water,south,2010,0.668,5.6,1.439,2.48,0.148,9.7,7.28,29.3,44.5,26.2,29,D,14,17,20,8,1.52,17.5,35.1,2021,2021,2020,2010,2011,NA,NA,m,MAR,MAR-2010,116,116,0.405,11,0,0,0,0,0,0,NA,NA,0,0,0,0,0,0,0,0,0,NA,NA,other,non-FFH,othe,0,no,no
30,non-FFH,X30_m_2017,NA,15,Mariaposching,4559494,5410132,2297,land,north,2010,1.673,13.9,1.26,2.17,0.133,9.5,7.38,51.6,31.5,16.9,2,A,6,15,15,33,1.43,14.7,22,2017,2017,2016,2010,2011,60,30,m,MAR,MAR-2010,117,117,0.19,7,70,11.7,0,81.7,80.7,0,0.988,0.857,18,0,0,16,10,1,1,0,0,0.889,NA,G213,non-FFH,G213,8,yes,no
30,non-FFH,X30_m_2018,NA,15,Mariaposching,4559494,5410132,2297,land,north,2010,1.673,13.9,1.26,2.17,0.133,9.5,7.38,51.6,31.5,16.9,2,A,6,15,15,33,1.43,14.7,22,2018,2018,2017,2010,2011,60,30,m,MAR,MAR-2010,118,118,0.19,8,63,10.1,0,73.1,72.5,0.1,0.992,0.862,17,0,1,15,8,1,1,0,0,0.882,NA,G213,non-FFH,G213,8,yes,no
30,non-FFH,X30_m_2019,NA,15,Mariaposching,4559494,5410132,2297,land,north,2010,1.673,13.9,1.26,2.17,0.133,9.5,7.38,51.6,31.5,16.9,2,A,6,15,15,33,1.43,14.7,22,2019,2019,2018,2010,2011,55,40,m,MAR,MAR-2010,119,119,0.19,9,40.5,29.8,0,70.3,67.8,0.5,0.964,0.576,19,0,1,17,8,1,0,0,0,0.895,NA,G213,non-FFH,G213,8,yes,no
30,non-FFH,X30_m_2021,NA,15,Mariaposching,4559494,5410132,2297,land,north,2010,1.673,13.9,1.26,2.17,0.133,9.5,7.38,51.6,31.5,16.9,2,A,6,15,15,33,1.43,14.7,22,2021,2021,2020,2010,2011,NA,NA,m,MAR,MAR-2010,120,120,0.19,11,0,0,0,0,0,0,NA,NA,0,0,0,0,0,0,0,0,0,NA,NA,other,non-FFH,othe,0,no,no
31,FFH6510,X31_m_2017,NA,16,Irlbach,4555638,5412620,2301,land,west,2010,3.408,28.4,1.688,2.9,0.188,9,7.36,31.6,52,16.4,3,A,4,13,16,18,1.03,23.1,36.9,2017,2017,2016,2010,2011,70,10,m,IRL,IRL-2010,121,121,0.252,7,58.7,25.8,0,84.5,69.5,0.1,0.822,0.695,41,2,1,29,20,1,4,0,0,0.707,NA,G214-GE6510,6510,G214,12,yes,yes
31,FFH6510,X31_m_2018,NA,16,Irlbach,4555638,5412620,2301,land,west,2010,3.408,28.4,1.688,2.9,0.188,9,7.36,31.6,52,16.4,3,A,4,13,16,18,1.03,23.1,36.9,2018,2018,2017,2010,2011,70,NA,m,IRL,IRL-2010,122,122,0.252,8,59.8,26.5,0,86.3,79.2,0,0.918,0.693,38,1,0,33,18,4,6,0,0,0.868,NA,G214-GE6510,6510,G214,12,yes,yes
31,FFH6510,X31_m_2019,NA,16,Irlbach,4555638,5412620,2301,land,west,2010,3.408,28.4,1.688,2.9,0.188,9,7.36,31.6,52,16.4,3,A,4,13,16,18,1.03,23.1,36.9,2019,2019,2018,2010,2011,80,30,m,IRL,IRL-2010,123,123,0.252,9,77.5,21.5,0,99,95.5,0,0.965,0.783,33,2,0,29,16,4,6,0,1,0.879,NA,G214-GE6510,6510,G214,12,yes,yes
31,FFH6510,X31_m_2021,NA,16,Irlbach,4555638,5412620,2301,land,west,2010,3.408,28.4,1.688,2.9,0.188,9,7.36,31.6,52,16.4,3,A,4,13,16,18,1.03,23.1,36.9,2021,2021,2020,2010,2011,NA,NA,m,IRL,IRL-2010,124,124,0.252,11,0,0,0,0,0,0,NA,NA,0,0,0,0,0,0,0,0,0,NA,NA,other,non-FFH,othe,0,no,no
32,non-FFH,X32_m_2017,NA,16,Irlbach,4555647,5412622,2301,land,east,2010,0.041,0.3,1.03,1.77,0.096,10.7,6.94,32.2,47.3,20.5,5,B,6,17,18,6,1.39,20.7,37.3,2017,2017,2016,2010,2011,40,30,m,IRL,IRL-2010,125,125,0.227,7,37.5,4.6,0,42.1,42.1,0,1,0.891,11,0,1,11,5,1,0,0,0,1,NA,G213,non-FFH,G213,8,yes,no
32,non-FFH,X32_m_2018,NA,16,Irlbach,4555647,5412622,2301,land,east,2010,0.041,0.3,1.03,1.77,0.096,10.7,6.94,32.2,47.3,20.5,5,B,6,17,18,6,1.39,20.7,37.3,2018,2018,2017,2010,2011,60,30,m,IRL,IRL-2010,126,126,0.227,8,63.6,8,0,71.6,69.1,0,0.965,0.888,14,0,0,12,6,1,1,0,0,0.857,NA,G213,non-FFH,G213,8,yes,no
32,non-FFH,X32_m_2019,NA,16,Irlbach,4555647,5412622,2301,land,east,2010,0.041,0.3,1.03,1.77,0.096,10.7,6.94,32.2,47.3,20.5,5,B,6,17,18,6,1.39,20.7,37.3,2019,2019,2018,2010,2011,60,40,m,IRL,IRL-2010,127,127,0.227,9,39,40.8,0,79.8,75.3,2.5,0.944,0.489,23,0,0,17,7,2,3,0,0,0.739,NA,G213,non-FFH,G213,8,yes,no
32,non-FFH,X32_m_2021,NA,16,Irlbach,4555647,5412622,2301,land,east,2010,0.041,0.3,1.03,1.77,0.096,10.7,6.94,32.2,47.3,20.5,5,B,6,17,18,6,1.39,20.7,37.3,2021,2021,2020,2010,2011,NA,NA,m,IRL,IRL-2010,128,128,0.227,11,0,0,0,0,0,0,NA,NA,0,0,0,0,0,0,0,0,0,NA,NA,other,non-FFH,othe,0,no,no
33,non-FFH,X33_m_2017,NA,17,Irlbach,4555707,5412669,2301,land,north,2003,3.605,30,2.135,3.67,0.226,9.4,7.42,22.9,51.3,25.8,3,A,6,20,20,12,1.45,19.5,38.9,2017,2017,2016,2003,2004,40,10,m,IRL,IRL-2003,129,129,0.59,14,0,0,0,0,0,0,NA,NA,0,0,0,0,0,0,0,0,0,NA,NA,other,non-FFH,othe,0,no,no
33,non-FFH,X33_m_2018,NA,17,Irlbach,4555707,5412669,2301,land,north,2003,3.605,30,2.135,3.67,0.226,9.4,7.42,22.9,51.3,25.8,3,A,6,20,20,12,1.45,19.5,38.9,2018,2018,2017,2003,2004,NA,NA,m,IRL,IRL-2003,130,130,0.59,15,0,0,0,0,0,0,NA,NA,0,0,0,0,0,0,0,0,0,NA,NA,other,non-FFH,othe,0,no,no
33,non-FFH,X33_m_2019,NA,17,Irlbach,4555707,5412669,2301,land,north,2003,3.605,30,2.135,3.67,0.226,9.4,7.42,22.9,51.3,25.8,3,A,6,20,20,12,1.45,19.5,38.9,2019,2019,2018,2003,2004,NA,NA,m,IRL,IRL-2003,131,131,0.59,16,0,0,0,0,0,0,NA,NA,0,0,0,0,0,0,0,0,0,NA,NA,other,non-FFH,othe,0,no,no
33,non-FFH,X33_m_2021,NA,17,Irlbach,4555707,5412669,2301,land,north,2003,3.605,30,2.135,3.67,0.226,9.4,7.42,22.9,51.3,25.8,3,A,6,20,20,12,1.45,19.5,38.9,2021,2021,2020,2003,2004,70,10,m,IRL,IRL-2003,132,132,0.59,18,48,22.5,1,70.5,69,0,0.979,0.681,42,2,0,37,20,3,7,0,0,0.881,NA,G214-GE6510,6510,G214,12,yes,yes
NA,NA,X34_m_2017,NA,NA,NA,NA,NA,NA,NA,NA,NA,NA,NA,NA,NA,NA,NA,NA,NA,NA,NA,NA,NA,NA,NA,NA,NA,NA,NA,NA,NA,NA,NA,NA,NA,NA,NA,NA,NA,NA,NA,NA,NA,NA,0,0,0,0,0,0,NA,NA,0,0,0,0,0,0,0,0,0,NA,NA,other,non-FFH,othe,0,no,no
34,NA,X34_o_2018,NA,17,Irlbach,4555704,5412659,2301,land,south,2003,2.522,21,2.236,3.85,0.234,9.6,7.33,47.1,36.3,16.6,4,A,7,15,32,33,1.2,17.3,55.5,2018,2018,2017,2003,2004,60,80,o,IRL,IRL-2003,134,134,0.59,15,64.30000000000001,21.6,0,85.9,84.4,0,0.983,0.749,32,2,2,29,18,3,6,0,1,0.906,NA,G214-GE6510,6510,G214,12,yes,yes
34,NA,X34_o_2019,NA,17,Irlbach,4555704,5412659,2301,land,south,2003,2.522,21,2.236,3.85,0.234,9.6,7.33,47.1,36.3,16.6,4,A,7,15,32,33,1.2,17.3,55.5,2019,2019,2018,2003,2004,80,70,o,IRL,IRL-2003,135,135,0.59,16,54.6,36.1,0,90.7,89.7,0,0.989,0.602,35,2,2,33,18,5,7,0,1,0.943,NA,G214-GE6510,6510,G214,12,yes,yes
34,NA,X34_o_2021,NA,17,Irlbach,4555704,5412659,2301,land,south,2003,2.522,21,2.236,3.85,0.234,9.6,7.33,47.1,36.3,16.6,4,A,7,15,32,33,1.2,17.3,55.5,2021,2021,2020,2003,2004,40,10,o,IRL,IRL-2003,136,136,0.59,18,18.8,18,0,36.8,34.8,0,0.946,0.511,12,0,0,11,4,1,1,0,0,0.917,NA,G213,non-FFH,G213,8,yes,no
35,worse,X35_m_2017,NA,18,Schwarzach-Sulzbach,4561890,5412604,2293,water_creek,east,2016,2.164,18,0.848,1.46,0.092,9.2,7.52,48.2,31.5,20.3,30,D,14,17,30,0,1.78,15,45,2017,2017,2016,2016,2017,90,35,m,SCH,SCH-2016,137,137,0.491,1,7.1,95,0,102.1,78.3,0.8,0.767,0.07,34,1,0,22,14,2,6,0,0,0.647,NA,G214-GE6510,6510,G214,12,yes,yes
35,worse,X35_m_2018,NA,18,Schwarzach-Sulzbach,4561890,5412604,2293,water_creek,east,2016,2.164,18,0.848,1.46,0.092,9.2,7.52,48.2,31.5,20.3,30,D,14,17,30,0,1.78,15,45,2018,2018,2017,2016,2017,NA,NA,m,SCH,SCH-2016,138,138,0.491,2,0,0,0,0,0,0,NA,NA,0,0,0,0,0,0,0,0,0,NA,NA,other,non-FFH,othe,0,no,no
35,worse,X35_m_2019,NA,18,Schwarzach-Sulzbach,4561890,5412604,2293,water_creek,east,2016,2.164,18,0.848,1.46,0.092,9.2,7.52,48.2,31.5,20.3,30,D,14,17,30,0,1.78,15,45,2019,2019,2018,2016,2017,80,50,m,SCH,SCH-2016,139,139,0.491,3,20.3,32.5,0,52.8,47.2,0.1,0.894,0.384,22,0,0,17,9,1,3,0,0,0.773,NA,G213,non-FFH,G213,8,yes,no
35,worse,X35_m_2021,NA,18,Schwarzach-Sulzbach,4561890,5412604,2293,water_creek,east,2016,2.164,18,0.848,1.46,0.092,9.2,7.52,48.2,31.5,20.3,30,D,14,17,30,0,1.78,15,45,2021,2021,2020,2016,2017,NA,NA,m,SCH,SCH-2016,140,140,0.491,5,0,0,0,0,0,0,NA,NA,0,0,0,0,0,0,0,0,0,NA,NA,other,non-FFH,othe,0,no,no
36,change,X36_m_2017,NA,18,Schwarzach-Sulzbach,4561878,5412599,2293,land,west,2016,1.193,9.9,2.511,4.32,0.262,9.6,7.36,31.5,40.5,28,1,A,15,22,22,8,1.29,23.9,52.6,2017,2017,2016,2016,2017,65,80,m,SCH,SCH-2016,141,141,0.676,1,18.5,49.1,0,67.6,42.3,18.8,0.626,0.274,45,1,0,38,18,3,5,0,0,0.844,NA,G214-GE6510,6510,G214,12,yes,yes
36,change,X36_m_2018,NA,18,Schwarzach-Sulzbach,4561878,5412599,2293,land,west,2016,1.193,9.9,2.511,4.32,0.262,9.6,7.36,31.5,40.5,28,1,A,15,22,22,8,1.29,23.9,52.6,2018,2018,2017,2016,2017,60,50,m,SCH,SCH-2016,142,142,0.676,2,54,42.9,0,96.9,76.8,0,0.793,0.557,36,3,1,32,14,3,8,0,0,0.889,NA,G214-GE6510,6510,G214,12,yes,yes
36,change,X36_m_2019,NA,18,Schwarzach-Sulzbach,4561878,5412599,2293,land,west,2016,1.193,9.9,2.511,4.32,0.262,9.6,7.36,31.5,40.5,28,1,A,15,22,22,8,1.29,23.9,52.6,2019,2019,2018,2016,2017,60,60,m,SCH,SCH-2016,143,143,0.676,3,10.799999999999999,44.9,0,55.7,51,0,0.916,0.194,36,1,0,31,13,3,7,0,0,0.861,NA,G214-GE00BK,non-FFH,G214,12,yes,yes
36,change,X36_m_2021,NA,18,Schwarzach-Sulzbach,4561878,5412599,2293,land,west,2016,1.193,9.9,2.511,4.32,0.262,9.6,7.36,31.5,40.5,28,1,A,15,22,22,8,1.29,23.9,52.6,2021,2021,2020,2016,2017,NA,NA,m,SCH,SCH-2016,144,144,0.676,5,0,0,0,0,0,0,NA,NA,0,0,0,0,0,0,0,0,0,NA,NA,other,non-FFH,othe,0,no,no
37,worse,X37_m_2017,NA,19,Schwarzach-Sulzbach,4562153,5412141,2293,land,south,2016,0.719,6,1.633,2.81,0.188,8.7,7.45,29.3,37.4,33.3,32,E,9,26,30,0,1.47,19,57,2017,2017,2016,2016,2017,50,35,m,SCH,SCH-2016,145,145,0.829,1,9.5,19.1,0,28.6,26.6,1,0.93,0.332,31,0,0,27,12,2,6,0,0,0.871,NA,G214-GE6510,6510,G214,12,yes,yes
37,worse,X37_m_2018,NA,19,Schwarzach-Sulzbach,4562153,5412141,2293,land,south,2016,0.719,6,1.633,2.81,0.188,8.7,7.45,29.3,37.4,33.3,32,E,9,26,30,0,1.47,19,57,2018,2018,2017,2016,2017,NA,NA,m,SCH,SCH-2016,146,146,0.829,2,0,0,0,0,0,0,NA,NA,0,0,0,0,0,0,0,0,0,NA,NA,other,non-FFH,othe,0,no,no
37,worse,X37_m_2019,NA,19,Schwarzach-Sulzbach,4562153,5412141,2293,land,south,2016,0.719,6,1.633,2.81,0.188,8.7,7.45,29.3,37.4,33.3,32,E,9,26,30,0,1.47,19,57,2019,2019,2018,2016,2017,55,65,m,SCH,SCH-2016,147,147,0.829,3,19.1,25.5,0,44.6,41.1,0.5,0.922,0.428,31,0,0,27,15,1,7,0,0,0.871,NA,G214-GE00BK,non-FFH,G214,12,yes,yes
37,worse,X37_m_2021,NA,19,Schwarzach-Sulzbach,4562153,5412141,2293,land,south,2016,0.719,6,1.633,2.81,0.188,8.7,7.45,29.3,37.4,33.3,32,E,9,26,30,0,1.47,19,57,2021,2021,2020,2016,2017,NA,NA,m,SCH,SCH-2016,148,148,0.829,5,0,0,0,0,0,0,NA,NA,0,0,0,0,0,0,0,0,0,NA,NA,other,non-FFH,othe,0,no,no
38,worse,X38_m_2017,NA,19,Schwarzach-Sulzbach,4562148,5412151,2293,water_creek,north,2016,2.166,18,1.631,2.81,0.179,9.1,7.47,46.2,33.1,20.7,9,B,9,17,20,14,1.47,16.4,32.9,2017,2017,2016,2016,2017,80,45,m,SCH,SCH-2016,149,149,0.447,1,9.6,39.1,0,48.7,38.8,1.6,0.797,0.197,42,0,0,29,17,2,5,0,0,0.69,NA,G214-GE6510,6510,G214,12,yes,yes
38,worse,X38_m_2018,NA,19,Schwarzach-Sulzbach,4562148,5412151,2293,water_creek,north,2016,2.166,18,1.631,2.81,0.179,9.1,7.47,46.2,33.1,20.7,9,B,9,17,20,14,1.47,16.4,32.9,2018,2018,2017,2016,2017,NA,NA,m,SCH,SCH-2016,150,150,0.447,2,0,0,0,0,0,0,NA,NA,0,0,0,0,0,0,0,0,0,NA,NA,other,non-FFH,othe,0,no,no
38,worse,X38_m_2019,NA,19,Schwarzach-Sulzbach,4562148,5412151,2293,water_creek,north,2016,2.166,18,1.631,2.81,0.179,9.1,7.47,46.2,33.1,20.7,9,B,9,17,20,14,1.47,16.4,32.9,2019,2019,2018,2016,2017,40,70,m,SCH,SCH-2016,151,151,0.447,3,10.5,55,0,65.5,62.5,0,0.954,0.16,26,1,0,23,8,3,3,0,1,0.885,NA,G214-GE00BK,non-FFH,G214,12,yes,yes
38,worse,X38_m_2021,NA,19,Schwarzach-Sulzbach,4562148,5412151,2293,water_creek,north,2016,2.166,18,1.631,2.81,0.179,9.1,7.47,46.2,33.1,20.7,9,B,9,17,20,14,1.47,16.4,32.9,2021,2021,2020,2016,2017,NA,NA,m,SCH,SCH-2016,152,152,0.447,5,0,0,0,0,0,0,NA,NA,0,0,0,0,0,0,0,0,0,NA,NA,other,non-FFH,othe,0,no,no
39,change,X39_m_2017,NA,20,Natternberg,4567747,5411096,2287,water,north,2013,3.467,28.9,3.063,5.27,0.375,8.2,7.42,10.4,54.4,35.2,9,B,8,24,30,0,1.18,24,72,2017,2017,2016,2013,2014,100,45,m,"NAT","NAT-2013",153,153,1.327,4,40.6,66,0,106.6,55.5,0.1,0.521,0.381,31,0,0,19,10,2,3,0,0,0.613,NA,G213,non-FFH,G213,8,yes,no
39,change,X39_m_2018,NA,20,Natternberg,4567747,5411096,2287,water,north,2013,3.467,28.9,3.063,5.27,0.375,8.2,7.42,10.4,54.4,35.2,9,B,8,24,30,0,1.18,24,72,2018,2018,2017,2013,2014,100,65,m,"NAT","NAT-2013",154,154,1.327,5,84.5,62.6,0,147.1,73,2,0.496,0.574,32,0,1,22,9,1,2,0,0,0.688,NA,G213,non-FFH,G213,8,yes,no
39,change,X39_m_2019,NA,20,Natternberg,4567747,5411096,2287,water,north,2013,3.467,28.9,3.063,5.27,0.375,8.2,7.42,10.4,54.4,35.2,9,B,8,24,30,0,1.18,24,72,2019,2019,2018,2013,2014,95,50,m,"NAT","NAT-2013",155,155,1.327,6,72.5,70.4,0,142.9,112.8,2,0.789,0.507,39,1,1,29,14,0,3,0,0,0.744,NA,G214-GE6510,6510,G214,12,yes,yes
39,change,X39_m_2021,NA,20,Natternberg,4567747,5411096,2287,water,north,2013,3.467,28.9,3.063,5.27,0.375,8.2,7.42,10.4,54.4,35.2,9,B,8,24,30,0,1.18,24,72,2021,2021,2020,2013,2014,100,50,m,"NAT","NAT-2013",156,156,1.327,8,96.8,44.1,0,140.9,95.9,2,0.681,0.687,22,0,0,15,6,1,1,0,0,0.682,NA,G213,non-FFH,G213,8,yes,no
40,better,X40_m_2017,NA,20,Natternberg,4567737,5411081,2287,land,south,2013,3.47,28.9,1.478,2.54,0.184,8,7.47,50.1,34.8,15.1,1,A,5,14,25,31,1.34,17.9,44.8,2017,2017,2016,2013,2014,70,50,m,"NAT","NAT-2013",157,157,0.419,4,7,44.00000000000001,0,51,51,0,1,0.137,25,2,1,25,11,5,7,0,1,1,NA,G214-GE00BK,non-FFH,G214,12,yes,yes
40,better,X40_m_2018,NA,20,Natternberg,4567737,5411081,2287,land,south,2013,3.47,28.9,1.478,2.54,0.184,8,7.47,50.1,34.8,15.1,1,A,5,14,25,31,1.34,17.9,44.8,2018,2018,2017,2013,2014,50,NA,m,"NAT","NAT-2013",158,158,0.419,5,56.2,40.300000000000004,0,96.5,94,0,0.974,0.582,29,2,1,27,12,3,9,0,1,0.931,NA,G214-GE6510,6510,G214,12,yes,yes
40,better,X40_m_2019,NA,20,Natternberg,4567737,5411081,2287,land,south,2013,3.47,28.9,1.478,2.54,0.184,8,7.47,50.1,34.8,15.1,1,A,5,14,25,31,1.34,17.9,44.8,2019,2019,2018,2013,2014,60,60,m,"NAT","NAT-2013",159,159,0.419,6,43.6,56.6,0,100.2,95.7,0.5,0.955,0.435,32,4,2,29,11,4,7,1,1,0.906,NA,G214-GE6510,6510,G214,12,yes,yes
40,better,X40_m_2021,NA,20,Natternberg,4567737,5411081,2287,land,south,2013,3.47,28.9,1.478,2.54,0.184,8,7.47,50.1,34.8,15.1,1,A,5,14,25,31,1.34,17.9,44.8,2021,2021,2020,2013,2014,80,50,m,"NAT","NAT-2013",160,160,0.419,8,75.6,45.1,0,120.7,116.7,0,0.967,0.626,29,2,1,27,12,5,7,0,1,0.931,NA,G214-GE6510,6510,G214,12,yes,yes
41,better,X41_m_2017,NA,21,Natternberg,4568793,5410515,2286,water,north,2013,3.503,29.2,1.83,3.15,0.213,8.6,7.37,23.2,49.2,27.6,9,B,6,22,30,8,1.42,17.6,52.7,2017,2017,2016,2013,2014,100,40,m,"NAT","NAT-2013",161,161,0.847,4,52.8,91.3,0,144.1,128.3,0.5,0.89,0.366,26,1,1,18,9,2,3,0,0,0.692,NA,G213,non-FFH,G213,8,yes,no
41,better,X41_m_2018,NA,21,Natternberg,4568793,5410515,2286,water,north,2013,3.503,29.2,1.83,3.15,0.213,8.6,7.37,23.2,49.2,27.6,9,B,6,22,30,8,1.42,17.6,52.7,2018,2018,2017,2013,2014,100,65,m,"NAT","NAT-2013",162,162,0.847,5,54.900000000000006,42.2,0,97.1,74.3,2,0.765,0.565,27,1,0,21,13,2,4,0,0,0.778,NA,G214-GE6510,6510,G214,12,yes,yes
41,better,X41_m_2019,NA,21,Natternberg,4568793,5410515,2286,water,north,2013,3.503,29.2,1.83,3.15,0.213,8.6,7.37,23.2,49.2,27.6,9,B,6,22,30,8,1.42,17.6,52.7,2019,2019,2018,2013,2014,95,60,m,"NAT","NAT-2013",163,163,0.847,6,86.6,59.900000000000006,0,146.5,100.6,8.8,0.687,0.591,38,1,0,28,16,3,5,0,0,0.737,NA,G214-GE6510,6510,G214,12,yes,yes
41,better,X41_m_2021,NA,21,Natternberg,4568793,5410515,2286,water,north,2013,3.503,29.2,1.83,3.15,0.213,8.6,7.37,23.2,49.2,27.6,9,B,6,22,30,8,1.42,17.6,52.7,2021,2021,2020,2013,2014,100,50,m,"NAT","NAT-2013",164,164,0.847,8,123.1,14.3,0,137.4,117.6,0.5,0.856,0.896,20,1,1,17,10,2,1,0,1,0.85,NA,G213,non-FFH,G213,8,yes,no
42,worse,X42_m_2017,NA,21,Natternberg,4568788,5410497,2286,land,south,2013,3.181,26.5,2.335,4.02,0.289,8.1,7.35,16.8,49.5,33.7,4,A,5,23,25,4,1.38,24.9,62.2,2017,2017,2016,2013,2014,85,60,m,"NAT","NAT-2013",165,165,0.957,4,7.1,54.300000000000004,0,61.4,58.4,0,0.951,0.116,33,1,0,27,14,4,4,1,0,0.818,NA,G214-GE6510,6510,G214,12,yes,yes
42,worse,X42_m_2018,NA,21,Natternberg,4568788,5410497,2286,land,south,2013,3.181,26.5,2.335,4.02,0.289,8.1,7.35,16.8,49.5,33.7,4,A,5,23,25,4,1.38,24.9,62.2,2018,2018,2017,2013,2014,60,NA,m,"NAT","NAT-2013",166,166,0.957,5,30.3,31.1,0,61.4,58.9,0,0.959,0.493,24,1,0,22,10,3,6,0,1,0.917,NA,G213,non-FFH,G213,8,yes,no
42,worse,X42_m_2019,NA,21,Natternberg,4568788,5410497,2286,land,south,2013,3.181,26.5,2.335,4.02,0.289,8.1,7.35,16.8,49.5,33.7,4,A,5,23,25,4,1.38,24.9,62.2,2019,2019,2018,2013,2014,70,60,m,"NAT","NAT-2013",167,167,0.957,6,60.9,50.300000000000004,0,111.2,107.6,1.6,0.968,0.548,28,1,0,23,10,3,5,0,1,0.821,NA,G214-GE00BK,non-FFH,G214,12,yes,yes
42,worse,X42_m_2021,NA,21,Natternberg,4568788,5410497,2286,land,south,2013,3.181,26.5,2.335,4.02,0.289,8.1,7.35,16.8,49.5,33.7,4,A,5,23,25,4,1.38,24.9,62.2,2021,2021,2020,2013,2014,70,30,m,"NAT","NAT-2013",168,168,0.957,8,58.900000000000006,11.5,0,70.4,68.9,0.5,0.979,0.837,22,0,0,19,7,1,5,0,0,0.864,NA,G213,non-FFH,G213,8,yes,no
43,non-FFH,X43_m_2017,NA,22,Deggendorf_West,4568255,5411573,2287,water,south,2007,3.819,31.8,2.238,3.85,0.249,9,7.37,19.1,53.2,27.7,3,A,5,23,20,0,1.77,20,40,2017,2017,2016,2007,2008,50,40,m,DEG,DEG-2007,169,169,0.881,10,88,12.5,0,100.5,99.9,0.1,0.994,0.876,19,2,1,17,5,4,1,0,1,0.895,NA,G213,non-FFH,G213,8,yes,no
43,non-FFH,X43_m_2018,NA,22,Deggendorf_West,4568255,5411573,2287,water,south,2007,3.819,31.8,2.238,3.85,0.249,9,7.37,19.1,53.2,27.7,3,A,5,23,20,0,1.77,20,40,2018,2018,2017,2007,2008,60,60,m,DEG,DEG-2007,170,170,0.881,11,80.1,7.1,0,87.2,87.2,0,1,0.919,18,2,1,18,5,4,2,0,1,1,NA,G213,non-FFH,G213,8,yes,no
43,non-FFH,X43_m_2019,NA,22,Deggendorf_West,4568255,5411573,2287,water,south,2007,3.819,31.8,2.238,3.85,0.249,9,7.37,19.1,53.2,27.7,3,A,5,23,20,0,1.77,20,40,2019,2019,2018,2007,2008,70,60,m,DEG,DEG-2007,171,171,0.881,12,40.6,22.8,0,63.4,62.4,0,0.984,0.64,21,2,1,19,6,4,2,0,1,0.905,NA,G213,non-FFH,G213,8,yes,no
43,non-FFH,X43_m_2021,NA,22,Deggendorf_West,4568255,5411573,2287,water,south,2007,3.819,31.8,2.238,3.85,0.249,9,7.37,19.1,53.2,27.7,3,A,5,23,20,0,1.77,20,40,2021,2021,2020,2007,2008,70,20,m,DEG,DEG-2007,172,172,0.881,14,46,20.3,0,66.3,64.8,0.5,0.977,0.694,13,1,0,10,2,4,0,0,1,0.769,NA,G213,non-FFH,G213,8,yes,no
44,non-FFH,X44_m_2017,NA,22,Deggendorf_West,4568262,5411582,2287,land,north,2007,4.351,36.2,1.614,2.78,0.178,9.1,7.34,41.1,43.2,15.7,1,A,6,12,10,13,1.38,21.7,21.7,2017,2017,2016,2007,2008,30,35,m,DEG,DEG-2007,173,173,0.221,10,47.5,7.7,0,55.2,53.7,0,0.973,0.861,29,3,0,26,17,5,1,0,2,0.897,NA,G213,non-FFH,G213,8,yes,no
44,non-FFH,X44_m_2018,NA,22,Deggendorf_West,4568262,5411582,2287,land,north,2007,4.351,36.2,1.614,2.78,0.178,9.1,7.34,41.1,43.2,15.7,1,A,6,12,10,13,1.38,21.7,21.7,2018,2018,2017,2007,2008,70,NA,m,DEG,DEG-2007,174,174,0.221,11,121.9,5.6,0,127.5,127.5,0,1,0.956,22,2,0,22,12,3,2,0,2,1,NA,G213,non-FFH,G213,8,yes,no
44,non-FFH,X44_m_2019,NA,22,Deggendorf_West,4568262,5411582,2287,land,north,2007,4.351,36.2,1.614,2.78,0.178,9.1,7.34,41.1,43.2,15.7,1,A,6,12,10,13,1.38,21.7,21.7,2019,2019,2018,2007,2008,80,50,m,DEG,DEG-2007,175,175,0.221,12,66.8,5.7,0,72.5,68,0,0.938,0.921,20,0,0,17,10,4,2,0,1,0.85,NA,G213,non-FFH,G213,8,yes,no
44,non-FFH,X44_m_2021,NA,22,Deggendorf_West,4568262,5411582,2287,land,north,2007,4.351,36.2,1.614,2.78,0.178,9.1,7.34,41.1,43.2,15.7,1,A,6,12,10,13,1.38,21.7,21.7,2021,2021,2020,2007,2008,60,20,m,DEG,DEG-2007,176,176,0.221,14,42.5,13,0,55.5,53,0,0.955,0.766,25,1,0,23,13,3,4,0,1,0.92,NA,G214-GE6510,6510,G214,12,yes,yes
45,non-FFH,X45_m_2017,NA,23,Deggendorf_West,4568677,5411360,2286,water,south,2007,4.335,36.1,2.093,3.6,0.224,9.3,7.37,27,51.6,21.4,5,B,9,19,18,0,1.37,26,46.8,2017,2017,2016,2007,2008,60,40,m,DEG,DEG-2007,177,177,0.552,10,65.3,6.6,0,71.9,68.4,0.5,0.951,0.908,25,1,0,21,7,3,1,0,0,0.84,NA,G213,non-FFH,G213,8,yes,no
45,non-FFH,X45_m_2018,NA,23,Deggendorf_West,4568677,5411360,2286,water,south,2007,4.335,36.1,2.093,3.6,0.224,9.3,7.37,27,51.6,21.4,5,B,9,19,18,0,1.37,26,46.8,2018,2018,2017,2007,2008,60,50,m,DEG,DEG-2007,178,178,0.552,11,62.7,8.6,0,71.3,70.8,0,0.993,0.879,17,1,0,16,5,3,1,0,0,0.941,NA,G213,non-FFH,G213,8,yes,no
45,non-FFH,X45_m_2019,NA,23,Deggendorf_West,4568677,5411360,2286,water,south,2007,4.335,36.1,2.093,3.6,0.224,9.3,7.37,27,51.6,21.4,5,B,9,19,18,0,1.37,26,46.8,2019,2019,2018,2007,2008,70,50,m,DEG,DEG-2007,179,179,0.552,12,28.6,40.7,0,69.3,69.3,0,1,0.413,17,1,0,17,4,3,2,0,0,1,NA,G213,non-FFH,G213,8,yes,no
45,non-FFH,X45_m_2021,NA,23,Deggendorf_West,4568677,5411360,2286,water,south,2007,4.335,36.1,2.093,3.6,0.224,9.3,7.37,27,51.6,21.4,5,B,9,19,18,0,1.37,26,46.8,2021,2021,2020,2007,2008,70,30,m,DEG,DEG-2007,180,180,0.552,14,20.8,42.5,0.5,63.3,63.3,0,1,0.329,11,1,0,10,2,2,1,0,1,0.909,NA,G213,non-FFH,G213,8,yes,no
46,worse,X46_m_2017,NA,23,Deggendorf_West,4568682,5411372,2286,land,north,2007,4.171,34.7,1.696,2.92,0.191,8.9,7.38,43.2,41.9,14.9,3,A,7,14,25,12,1.27,22.1,55.3,2017,2017,2016,2007,2008,50,35,m,DEG,DEG-2007,181,181,0.534,10,64.9,16.900000000000002,0,81.8,78.8,0,0.963,0.793,29,1,0,26,15,5,1,0,2,0.897,NA,G214-GE6510,6510,G214,12,yes,yes
46,worse,X46_m_2018,NA,23,Deggendorf_West,4568682,5411372,2286,land,north,2007,4.171,34.7,1.696,2.92,0.191,8.9,7.38,43.2,41.9,14.9,3,A,7,14,25,12,1.27,22.1,55.3,2018,2018,2017,2007,2008,50,40,m,DEG,DEG-2007,182,182,0.534,11,49.6,11.6,0,61.2,61.2,0,1,0.81,20,1,0,20,12,3,2,0,1,1,NA,G213,non-FFH,G213,8,yes,no
46,worse,X46_m_2019,NA,23,Deggendorf_West,4568682,5411372,2286,land,north,2007,4.171,34.7,1.696,2.92,0.191,8.9,7.38,43.2,41.9,14.9,3,A,7,14,25,12,1.27,22.1,55.3,2019,2019,2018,2007,2008,75,70,m,DEG,DEG-2007,183,183,0.534,12,73,11.5,0,84.5,84,0,0.994,0.864,20,0,0,19,14,3,1,0,1,0.95,NA,G213,non-FFH,G213,8,yes,no
46,worse,X46_m_2021,NA,23,Deggendorf_West,4568682,5411372,2286,land,north,2007,4.171,34.7,1.696,2.92,0.191,8.9,7.38,43.2,41.9,14.9,3,A,7,14,25,12,1.27,22.1,55.3,2021,2021,2020,2007,2008,70,20,m,DEG,DEG-2007,184,184,0.534,14,66,8.5,1.5,74.5,74,0,0.993,0.886,22,0,0,18,11,3,2,0,1,0.818,NA,G213,non-FFH,G213,8,yes,no
47,change,X47_m_2017,NA,24,Fischerdorf,4569502,5407024,2282,water_creek,east,2016,5.181,43.2,1.23,2.12,0.156,7.9,7.45,22.4,59.8,17.8,19,C,12,12,21,0,1.5,22,46.2,2017,2017,2016,2016,2017,NA,NA,m,FIS,FIS-2016,185,185,0.491,1,10,70,0,80,75.5,0.5,0.944,0.125,23,0,0,17,12,0,4,0,0,0.739,NA,G213,non-FFH,G213,8,yes,no
47,change,X47_m_2018,NA,24,Fischerdorf,4569502,5407024,2282,water_creek,east,2016,5.181,43.2,1.23,2.12,0.156,7.9,7.45,22.4,59.8,17.8,19,C,12,12,21,0,1.5,22,46.2,2018,2018,2017,2016,2017,50,NA,m,FIS,FIS-2016,186,186,0.491,2,40.7,41.7,0,82.4,61,0,0.74,0.494,27,0,0,23,15,1,6,0,0,0.852,NA,G214-GE6510,6510,G214,12,yes,yes
47,change,X47_m_2019,NA,24,Fischerdorf,4569502,5407024,2282,water_creek,east,2016,5.181,43.2,1.23,2.12,0.156,7.9,7.45,22.4,59.8,17.8,19,C,12,12,21,0,1.5,22,46.2,2019,2019,2018,2016,2017,NA,NA,m,FIS,FIS-2016,187,187,0.491,3,0,0,0,0,0,0,NA,NA,0,0,0,0,0,0,0,0,0,NA,NA,other,non-FFH,othe,0,no,no
47,change,X47_m_2021,NA,24,Fischerdorf,4569502,5407024,2282,water_creek,east,2016,5.181,43.2,1.23,2.12,0.156,7.9,7.45,22.4,59.8,17.8,19,C,12,12,21,0,1.5,22,46.2,2021,2021,2020,2016,2017,NA,NA,m,FIS,FIS-2016,188,188,0.491,5,0,0,0,0,0,0,NA,NA,0,0,0,0,0,0,0,0,0,NA,NA,other,non-FFH,othe,0,no,no
48,change,X48_m_2017,NA,24,Fischerdorf,4569491,5407028,2282,water_creek,west,2016,7.061,58.8,2.759,4.75,0.388,7.1,7.34,11.6,66.2,22.2,2,A,7,18,17,0,0.85,27,45.9,2017,2017,2016,2016,2017,50,70,m,FIS,FIS-2016,189,189,0.561,1,14,18.1,0,32.1,26.1,0,0.813,0.436,35,2,1,30,18,3,3,1,0,0.857,NA,G214-GE6510,6510,G214,12,yes,yes
48,change,X48_m_2018,NA,24,Fischerdorf,4569491,5407028,2282,water_creek,west,2016,7.061,58.8,2.759,4.75,0.388,7.1,7.34,11.6,66.2,22.2,2,A,7,18,17,0,0.85,27,45.9,2018,2018,2017,2016,2017,60,80,m,FIS,FIS-2016,190,190,0.561,2,57.6,42.5,0,100.1,94.6,0,0.945,0.575,41,1,0,37,20,3,7,0,0,0.902,NA,G214-GE6510,6510,G214,12,yes,yes
48,change,X48_m_2019,NA,24,Fischerdorf,4569491,5407028,2282,water_creek,west,2016,7.061,58.8,2.759,4.75,0.388,7.1,7.34,11.6,66.2,22.2,2,A,7,18,17,0,0.85,27,45.9,2019,2019,2018,2016,2017,NA,NA,m,FIS,FIS-2016,191,191,0.561,3,0,0,0,0,0,0,NA,NA,0,0,0,0,0,0,0,0,0,NA,NA,other,non-FFH,othe,0,no,no
48,change,X48_m_2021,NA,24,Fischerdorf,4569491,5407028,2282,water_creek,west,2016,7.061,58.8,2.759,4.75,0.388,7.1,7.34,11.6,66.2,22.2,2,A,7,18,17,0,0.85,27,45.9,2021,2021,2020,2016,2017,NA,NA,m,FIS,FIS-2016,192,192,0.561,5,0,0,0,0,0,0,NA,NA,0,0,0,0,0,0,0,0,0,NA,NA,other,non-FFH,othe,0,no,no
49,change,X49_m_2017,NA,25,Fischerdorf,4570425,5408483,2282,water_creek,east,2016,5.212,43.4,2.371,4.08,0.324,7.3,7.38,11.1,61.4,27.5,2,A,7,20,19,0,1,28,53.2,2017,2017,2016,2016,2017,100,65,m,FIS,FIS-2016,193,193,0.616,1,35.900000000000006,81.2,0,117.1,91.9,0,0.785,0.307,44,3,1,32,18,3,6,0,0,0.727,NA,G214-GE6510,6510,G214,12,yes,yes
49,change,X49_m_2018,NA,25,Fischerdorf,4570425,5408483,2282,water_creek,east,2016,5.212,43.4,2.371,4.08,0.324,7.3,7.38,11.1,61.4,27.5,2,A,7,20,19,0,1,28,53.2,2018,2018,2017,2016,2017,65,60,m,FIS,FIS-2016,194,194,0.616,2,30.900000000000002,52.5,0,83.4,67,0,0.803,0.371,42,2,0,35,17,4,10,0,0,0.833,NA,G214-GE6510,6510,G214,12,yes,yes
49,change,X49_m_2019,NA,25,Fischerdorf,4570425,5408483,2282,water_creek,east,2016,5.212,43.4,2.371,4.08,0.324,7.3,7.38,11.1,61.4,27.5,2,A,7,20,19,0,1,28,53.2,2019,2019,2018,2016,2017,NA,NA,m,FIS,FIS-2016,195,195,0.616,3,0,0,0,0,0,0,NA,NA,0,0,0,0,0,0,0,0,0,NA,NA,other,non-FFH,othe,0,no,no
49,change,X49_m_2021,NA,25,Fischerdorf,4570425,5408483,2282,water_creek,east,2016,5.212,43.4,2.371,4.08,0.324,7.3,7.38,11.1,61.4,27.5,2,A,7,20,19,0,1,28,53.2,2021,2021,2020,2016,2017,NA,NA,m,FIS,FIS-2016,196,196,0.616,5,0,0,0,0,0,0,NA,NA,0,0,0,0,0,0,0,0,0,NA,NA,other,non-FFH,othe,0,no,no
50,worse,X50_m_2017,NA,25,Fischerdorf,4570411,5408488,2282,land,west,2016,6.367,53,5.531,9.51,0.748,7.4,7.24,11,63.7,25.3,6,B,12,22,15,0,0.68,29,43.5,2017,2017,2016,2016,2017,90,60,m,FIS,FIS-2016,197,197,0.763,1,61.1,31.900000000000002,0,93,73.3,0,0.788,0.657,34,3,0,27,14,2,5,1,0,0.794,NA,G214-GE6510,6510,G214,12,yes,yes
50,worse,X50_m_2018,NA,25,Fischerdorf,4570411,5408488,2282,land,west,2016,6.367,53,5.531,9.51,0.748,7.4,7.24,11,63.7,25.3,6,B,12,22,15,0,0.68,29,43.5,2018,2018,2017,2016,2017,75,50,m,FIS,FIS-2016,198,198,0.763,2,89.5,7.9,0,97.4,59.7,0.1,0.613,0.919,21,1,0,18,10,0,2,0,0,0.857,NA,G213,non-FFH,G213,8,yes,no
50,worse,X50_m_2019,NA,25,Fischerdorf,4570411,5408488,2282,land,west,2016,6.367,53,5.531,9.51,0.748,7.4,7.24,11,63.7,25.3,6,B,12,22,15,0,0.68,29,43.5,2019,2019,2018,2016,2017,NA,NA,m,FIS,FIS-2016,199,199,0.763,3,0,0,0,0,0,0,NA,NA,0,0,0,0,0,0,0,0,0,NA,NA,other,non-FFH,othe,0,no,no
50,worse,X50_m_2021,NA,25,Fischerdorf,4570411,5408488,2282,land,west,2016,6.367,53,5.531,9.51,0.748,7.4,7.24,11,63.7,25.3,6,B,12,22,15,0,0.68,29,43.5,2021,2021,2020,2016,2017,NA,NA,m,FIS,FIS-2016,200,200,0.763,5,0,0,0,0,0,0,NA,NA,0,0,0,0,0,0,0,0,0,NA,NA,other,non-FFH,othe,0,no,no
51,FFH6510,X51_m_2017,NA,26,Stoegermuehlbach,4571060,5404855,2278,water_creek,south,2002,5.933,49.4,2.413,4.15,0.287,8.4,7.29,29,53.9,17.1,6,B,9,16,20,16,1.21,23.6,47.2,2017,2017,2016,2002,2003,40,60,m,STO,STO-2002,201,201,0.59,15,24.5,19.7,0,44.2,40.7,0.5,0.921,0.554,42,3,0,35,17,5,6,1,1,0.833,NA,G214-GE6510,6510,G214,12,yes,yes
51,FFH6510,X51_m_2018,NA,26,Stoegermuehlbach,4571060,5404855,2278,water_creek,south,2002,5.933,49.4,2.413,4.15,0.287,8.4,7.29,29,53.9,17.1,6,B,9,16,20,16,1.21,23.6,47.2,2018,2018,2017,2002,2003,40,NA,m,STO,STO-2002,202,202,0.59,16,59.2,16.7,0,75.9,67.4,0,0.888,0.78,30,0,0,23,14,2,5,0,0,0.767,NA,G214-GE6510,6510,G214,12,yes,yes
51,FFH6510,X51_m_2019,NA,26,Stoegermuehlbach,4571060,5404855,2278,water_creek,south,2002,5.933,49.4,2.413,4.15,0.287,8.4,7.29,29,53.9,17.1,6,B,9,16,20,16,1.21,23.6,47.2,2019,2019,2018,2002,2003,60,60,m,STO,STO-2002,203,203,0.59,17,44.8,45.7,0,90.5,75.7,0,0.836,0.495,33,1,1,24,11,3,4,0,0,0.727,NA,G214-GE6510,6510,G214,12,yes,yes
51,FFH6510,X51_m_2021,NA,26,Stoegermuehlbach,4571060,5404855,2278,water_creek,south,2002,5.933,49.4,2.413,4.15,0.287,8.4,7.29,29,53.9,17.1,6,B,9,16,20,16,1.21,23.6,47.2,2021,2021,2020,2002,2003,50,20,m,STO,STO-2002,204,204,0.59,19,23.8,29.1,1,52.9,50.9,0,0.962,0.45,25,0,0,19,8,5,3,0,0,0.76,NA,G213,non-FFH,G213,8,yes,no
52,change,X52_m_2017,NA,26,Stoegermuehlbach,4571061,5404864,2278,land,north,2002,5.866,48.9,2.654,4.56,0.311,8.5,7.27,32.3,51,16.7,10,C,10,18,10,15,1.22,23.7,23.7,2017,2017,2016,2002,2003,30,30,m,STO,STO-2002,205,205,0.304,15,25.3,14.6,0,39.9,39.4,0,0.987,0.634,32,3,0,31,15,7,7,2,0,0.969,NA,G214-GE6510,6510,G214,12,yes,yes
52,change,X52_m_2018,NA,26,Stoegermuehlbach,4571061,5404864,2278,land,north,2002,5.866,48.9,2.654,4.56,0.311,8.5,7.27,32.3,51,16.7,10,C,10,18,10,15,1.22,23.7,23.7,2018,2018,2017,2002,2003,NA,NA,m,STO,STO-2002,206,206,0.304,16,0,0,0,0,0,0,NA,NA,0,0,0,0,0,0,0,0,0,NA,NA,other,non-FFH,othe,0,no,no
52,change,X52_m_2019,NA,26,Stoegermuehlbach,4571061,5404864,2278,land,north,2002,5.866,48.9,2.654,4.56,0.311,8.5,7.27,32.3,51,16.7,10,C,10,18,10,15,1.22,23.7,23.7,2019,2019,2018,2002,2003,50,50,m,STO,STO-2002,207,207,0.304,17,48,35,0,83,81.5,0,0.982,0.578,29,3,0,26,12,6,4,1,0,0.897,NA,G214-GE6510,6510,G214,12,yes,yes
52,change,X52_m_2021,NA,26,Stoegermuehlbach,4571061,5404864,2278,land,north,2002,5.866,48.9,2.654,4.56,0.311,8.5,7.27,32.3,51,16.7,10,C,10,18,10,15,1.22,23.7,23.7,2021,2021,2020,2002,2003,40,10,m,STO,STO-2002,208,208,0.304,19,15.8,24,0.5,39.8,37.3,0,0.937,0.397,37,1,0,31,15,6,6,0,0,0.838,NA,G214-GE6510,6510,G214,12,yes,yes
53,change,X53_m_2017,NA,27,Stoegermuehlbach,4570793,5404794,2278,water_creek,south,2002,5.214,43.4,3.146,5.41,0.367,8.6,7.45,14.9,58.3,26.8,1,A,6,23,22,0,1.15,28,61.6,2017,2017,2016,2002,2003,NA,90,m,STO,STO-2002,209,209,0.929,15,73.8,12.3,0,86.1,84.1,0,0.977,0.857,28,3,1,24,10,4,3,1,2,0.857,NA,G312-GT6210,6210,G312,13,yes,yes
53,change,X53_m_2018,NA,27,Stoegermuehlbach,4570793,5404794,2278,water_creek,south,2002,5.214,43.4,3.146,5.41,0.367,8.6,7.45,14.9,58.3,26.8,1,A,6,23,22,0,1.15,28,61.6,2018,2018,2017,2002,2003,60,60,m,STO,STO-2002,210,210,0.929,16,65.5,2.9,0,68.4,67.8,0,0.991,0.958,13,1,1,11,4,4,2,0,1,0.846,NA,G213,non-FFH,G213,8,yes,no
53,change,X53_m_2019,NA,27,Stoegermuehlbach,4570793,5404794,2278,water_creek,south,2002,5.214,43.4,3.146,5.41,0.367,8.6,7.45,14.9,58.3,26.8,1,A,6,23,22,0,1.15,28,61.6,2019,2019,2018,2002,2003,50,70,m,STO,STO-2002,211,211,0.929,17,50,19.6,0,69.6,69.1,0.5,0.993,0.718,29,4,1,28,10,7,3,1,2,0.966,NA,G312-GT6210,6210,G312,13,yes,yes
53,change,X53_m_2021,NA,27,Stoegermuehlbach,4570793,5404794,2278,water_creek,south,2002,5.214,43.4,3.146,5.41,0.367,8.6,7.45,14.9,58.3,26.8,1,A,6,23,22,0,1.15,28,61.6,2021,2021,2020,2002,2003,50,20,m,STO,STO-2002,212,212,0.929,19,40,6.5,0,46.5,45.5,0,0.978,0.86,16,1,1,14,5,3,3,0,1,0.875,NA,G213,non-FFH,G213,8,yes,no
54,better,X54_m_2017,NA,27,Stoegermuehlbach,4570789,5404803,2278,land,north,2002,5.165,43,3.18,5.47,0.37,8.6,7.41,18.8,56.5,24.7,1,A,8,24,10,0,0.98,28,28,2017,2017,2016,2002,2003,40,50,m,STO,STO-2002,213,213,0.363,15,49,12.1,0,61.1,55.6,0,0.91,0.802,29,3,0,25,12,4,3,1,0,0.862,NA,G213,non-FFH,G213,8,yes,no
54,better,X54_m_2018,NA,27,Stoegermuehlbach,4570789,5404803,2278,land,north,2002,5.165,43,3.18,5.47,0.37,8.6,7.41,18.8,56.5,24.7,1,A,8,24,10,0,0.98,28,28,2018,2018,2017,2002,2003,NA,NA,m,STO,STO-2002,214,214,0.363,16,74.8,15.6,0,90.4,89.3,0,0.988,0.827,29,1,1,26,13,5,6,0,0,0.897,NA,G214-GE6510,6510,G214,12,yes,yes
54,better,X54_m_2019,NA,27,Stoegermuehlbach,4570789,5404803,2278,land,north,2002,5.165,43,3.18,5.47,0.37,8.6,7.41,18.8,56.5,24.7,1,A,8,24,10,0,0.98,28,28,2019,2019,2018,2002,2003,50,60,m,STO,STO-2002,215,215,0.363,17,31.3,24,0,55.3,55.3,0,1,0.566,25,3,0,25,7,8,5,0,2,1,NA,G214-GE6510,6510,G214,12,yes,yes
54,better,X54_m_2021,NA,27,Stoegermuehlbach,4570789,5404803,2278,land,north,2002,5.165,43,3.18,5.47,0.37,8.6,7.41,18.8,56.5,24.7,1,A,8,24,10,0,0.98,28,28,2021,2021,2020,2002,2003,50,20,m,STO,STO-2002,216,216,0.363,19,28.1,17.5,0.5,45.6,44.6,0,0.978,0.616,33,4,0,30,13,7,6,1,1,0.909,NA,G214-GE6510,6510,G214,12,yes,yes
55,change,X55_m_2017,NA,28,Hofkirchen,4582311,5393648,2256,water,south,2012,1.389,11.6,1.984,3.41,0.203,9.8,7.29,43.9,34.9,21.2,54,E,20,24,21,0,1.37,24,50.4,2017,2017,2016,2012,2013,40,75,m,HOF,HOF-2012,217,217,0.584,5,51.8,14.4,0,66.2,61.6,1.5,0.931,0.782,26,1,0,19,9,2,2,0,0,0.731,NA,G213,non-FFH,G213,8,yes,no
55,change,X55_m_2018,NA,28,Hofkirchen,4582311,5393648,2256,water,south,2012,1.389,11.6,1.984,3.41,0.203,9.8,7.29,43.9,34.9,21.2,54,E,20,24,21,0,1.37,24,50.4,2018,2018,2017,2012,2013,80,80,m,HOF,HOF-2012,218,218,0.584,6,84.5,21,0,105.5,99.8,0.6,0.946,0.801,21,0,0,15,6,2,4,0,0,0.714,NA,G213,non-FFH,G213,8,yes,no
55,change,X55_m_2019,NA,28,Hofkirchen,4582311,5393648,2256,water,south,2012,1.389,11.6,1.984,3.41,0.203,9.8,7.29,43.9,34.9,21.2,54,E,20,24,21,0,1.37,24,50.4,2019,2019,2018,2012,2013,80,100,m,HOF,HOF-2012,219,219,0.584,7,81.7,46.300000000000004,0,128,117.4,0.5,0.917,0.638,35,0,0,25,11,4,3,0,1,0.714,NA,G214-GE6510,6510,G214,12,yes,yes
55,change,X55_m_2021,NA,28,Hofkirchen,4582311,5393648,2256,water,south,2012,1.389,11.6,1.984,3.41,0.203,9.8,7.29,43.9,34.9,21.2,54,E,20,24,21,0,1.37,24,50.4,2021,2021,2020,2012,2013,80,40,m,HOF,HOF-2012,220,220,0.584,9,52.8,26.8,0.5,79.6,71.1,0.5,0.893,0.663,28,1,0,23,10,5,2,0,2,0.821,NA,G214-GE6510,6510,G214,12,yes,yes
56,any-FFH,X56_m_2017,NA,28,Hofkirchen,4582309,5393656,2256,land,north,2012,1.889,15.7,1.706,2.93,0.179,9.5,7.3,43,36.5,20.5,39,E,10,21,15,0,1.3,24,36,2017,2017,2016,2012,2013,70,70,m,HOF,HOF-2012,221,221,0.349,5,21.3,24.1,0,45.4,34.6,0.5,0.762,0.469,40,5,1,35,16,9,7,0,4,0.875,NA,G214-GE6510,6510,G214,12,yes,yes
56,any-FFH,X56_m_2018,NA,28,Hofkirchen,4582309,5393656,2256,land,north,2012,1.889,15.7,1.706,2.93,0.179,9.5,7.3,43,36.5,20.5,39,E,10,21,15,0,1.3,24,36,2018,2018,2017,2012,2013,80,70,m,HOF,HOF-2012,222,222,0.349,6,34.6,46.400000000000006,0,81,76.5,0,0.944,0.427,33,3,0,31,13,9,8,0,3,0.939,NA,G312-GT6210,6210,G312,13,yes,yes
56,any-FFH,X56_m_2019,NA,28,Hofkirchen,4582309,5393656,2256,land,north,2012,1.889,15.7,1.706,2.93,0.179,9.5,7.3,43,36.5,20.5,39,E,10,21,15,0,1.3,24,36,2019,2019,2018,2012,2013,90,80,m,HOF,HOF-2012,223,223,0.349,7,39.1,107.4,0,146.5,146.5,0,1,0.267,33,5,1,33,12,10,7,0,2,1,NA,G214-GE6510,6510,G214,12,yes,yes
56,any-FFH,X56_m_2021,NA,28,Hofkirchen,4582309,5393656,2256,land,north,2012,1.889,15.7,1.706,2.93,0.179,9.5,7.3,43,36.5,20.5,39,E,10,21,15,0,1.3,24,36,2021,2021,2020,2012,2013,100,50,m,HOF,HOF-2012,224,224,0.349,9,20.3,88.3,0,108.6,107.6,0,0.991,0.187,37,4,0,35,18,7,9,0,2,0.946,NA,G214-GE6510,6510,G214,12,yes,yes
57,FFH6510,X57_o_2017,NA,29,Saubach,4569880,5410170,2285,water,north,2006,4.484,37.4,2.071,3.56,0.233,8.9,7.35,33.5,48,18.5,4,A,15,15,25,24,1.29,18.2,45.6,2017,2017,2016,2006,2007,60,15,o,SAU,SAU-2006,225,225,0.571,11,25.3,14,0,39.3,36.8,0,0.936,0.644,26,1,0,21,15,1,4,1,0,0.808,NA,G214-GE6510,6510,G214,12,yes,yes
57,FFH6510,X57_o_2018,NA,29,Saubach,4569880,5410170,2285,water,north,2006,4.484,37.4,2.071,3.56,0.233,8.9,7.35,33.5,48,18.5,4,A,15,15,25,24,1.29,18.2,45.6,2018,2018,2017,2006,2007,60,NA,o,SAU,SAU-2006,226,226,0.571,12,36.3,25.4,0,61.7,59.2,0,0.959,0.588,24,0,0,22,13,1,7,0,0,0.917,NA,G214-GE6510,6510,G214,12,yes,yes
57,FFH6510,X57_o_2019,NA,29,Saubach,4569880,5410170,2285,water,north,2006,4.484,37.4,2.071,3.56,0.233,8.9,7.35,33.5,48,18.5,4,A,15,15,25,24,1.29,18.2,45.6,2019,2019,2018,2006,2007,70,50,o,SAU,SAU-2006,227,227,0.571,13,38.5,23.2,0,61.7,57.6,0,0.934,0.624,36,0,0,30,19,1,5,0,0,0.833,NA,G214-GE6510,6510,G214,12,yes,yes
57,FFH6510,X57_o_2021,NA,29,Saubach,4569880,5410170,2285,water,north,2006,4.484,37.4,2.071,3.56,0.233,8.9,7.35,33.5,48,18.5,4,A,15,15,25,24,1.29,18.2,45.6,2021,2021,2020,2006,2007,NA,NA,o,SAU,SAU-2006,228,228,0.571,15,0,0,0,0,0,0,NA,NA,0,0,0,0,0,0,0,0,0,NA,NA,other,non-FFH,othe,0,no,no
58,FFH6510,X58_m_2017,NA,29,Saubach,4569876,5410157,2285,land,south,2006,4.413,36.8,2.793,4.8,0.323,8.6,7.32,25.6,51,23.4,4,A,14,18,30,39,2.13,13.4,40.3,2017,2017,2016,2006,2007,80,50,m,SAU,SAU-2006,229,229,1.238,11,62.3,20,0,82.3,81.3,0,0.988,0.757,32,6,3,30,11,5,4,1,1,0.938,NA,G214-GE6510,6510,G214,12,yes,yes
58,FFH6510,X58_m_2018,NA,29,Saubach,4569876,5410157,2285,land,south,2006,4.413,36.8,2.793,4.8,0.323,8.6,7.32,25.6,51,23.4,4,A,14,18,30,39,2.13,13.4,40.3,2018,2018,2017,2006,2007,60,NA,m,SAU,SAU-2006,230,230,1.238,12,68.7,11.2,0,79.9,77.4,0,0.969,0.86,26,3,1,24,9,5,3,1,0,0.923,NA,G214-GE6510,6510,G214,12,yes,yes
58,FFH6510,X58_m_2019,NA,29,Saubach,4569876,5410157,2285,land,south,2006,4.413,36.8,2.793,4.8,0.323,8.6,7.32,25.6,51,23.4,4,A,14,18,30,39,2.13,13.4,40.3,2019,2019,2018,2006,2007,70,50,m,SAU,SAU-2006,231,231,1.238,13,30.3,38.1,0,68.4,65.4,0,0.956,0.443,31,4,2,28,10,4,4,1,0,0.903,NA,G214-GE6510,6510,G214,12,yes,yes
58,FFH6510,X58_m_2021,NA,29,Saubach,4569876,5410157,2285,land,south,2006,4.413,36.8,2.793,4.8,0.323,8.6,7.32,25.6,51,23.4,4,A,14,18,30,39,2.13,13.4,40.3,2021,2021,2020,2006,2007,NA,NA,m,SAU,SAU-2006,232,232,1.238,15,0,0,0,0,0,0,NA,NA,0,0,0,0,0,0,0,0,0,NA,NA,other,non-FFH,othe,0,no,no
59,change,X59_m_2017,NA,30,Hofkirchen,4582207,5394403,2257,water,west,2012,4.013,33.4,2.042,3.51,0.243,8.4,7.37,34,47.2,18.8,5,B,14,14,28,0,1.17,24,67.2,2017,2017,2016,2012,2013,90,100,m,HOF,HOF-2012,233,233,0.796,5,45.1,24.400000000000002,0,69.5,67.9,0.5,0.977,0.649,24,1,1,20,10,3,3,0,0,0.833,NA,G214-GE6510,6510,G214,12,yes,yes
59,change,X59_m_2018,NA,30,Hofkirchen,4582207,5394403,2257,water,west,2012,4.013,33.4,2.042,3.51,0.243,8.4,7.37,34,47.2,18.8,5,B,14,14,28,0,1.17,24,67.2,2018,2018,2017,2012,2013,90,90,m,HOF,HOF-2012,234,234,0.796,6,95.89999999999999,10.7,0,106.6,103.5,0.5,0.971,0.9,24,0,0,20,8,4,2,0,0,0.833,NA,G213,non-FFH,G213,8,yes,no
59,change,X59_m_2019,NA,30,Hofkirchen,4582207,5394403,2257,water,west,2012,4.013,33.4,2.042,3.51,0.243,8.4,7.37,34,47.2,18.8,5,B,14,14,28,0,1.17,24,67.2,2019,2019,2018,2012,2013,100,90,m,HOF,HOF-2012,235,235,0.796,7,80.7,75.8,0,156.5,155.5,0.5,0.994,0.516,23,0,0,21,9,4,1,0,0,0.913,NA,G214-GE6510,6510,G214,12,yes,yes
59,change,X59_m_2021,NA,30,Hofkirchen,4582207,5394403,2257,water,west,2012,4.013,33.4,2.042,3.51,0.243,8.4,7.37,34,47.2,18.8,5,B,14,14,28,0,1.17,24,67.2,2021,2021,2020,2012,2013,NA,NA,m,HOF,HOF-2012,236,236,0.796,9,0,0,0,0,0,0,NA,NA,0,0,0,0,0,0,0,0,0,NA,NA,other,non-FFH,othe,0,no,no
60,non-FFH,X60_m_2017,NA,30,Hofkirchen,4582214,5394404,2257,land,east,2012,3.329,27.7,2.342,4.03,0.257,9.1,7.37,39,42.5,18.5,13,C,13,14,10,13,1.28,22.6,22.6,2017,2017,2016,2012,2013,30,20,m,HOF,HOF-2012,237,237,0.296,5,40.5,15.3,0,55.8,55.8,0,1,0.726,15,4,1,15,5,8,2,0,1,1,NA,G213,non-FFH,G213,8,yes,no
60,non-FFH,X60_m_2018,NA,30,Hofkirchen,4582214,5394404,2257,land,east,2012,3.329,27.7,2.342,4.03,0.257,9.1,7.37,39,42.5,18.5,13,C,13,14,10,13,1.28,22.6,22.6,2018,2018,2017,2012,2013,60,30,m,HOF,HOF-2012,238,238,0.296,6,42,23.5,0,65.5,65.5,0,1,0.641,13,4,1,13,2,8,2,0,1,1,NA,G213,non-FFH,G213,8,yes,no
60,non-FFH,X60_m_2019,NA,30,Hofkirchen,4582214,5394404,2257,land,east,2012,3.329,27.7,2.342,4.03,0.257,9.1,7.37,39,42.5,18.5,13,C,13,14,10,13,1.28,22.6,22.6,2019,2019,2018,2012,2013,70,50,m,HOF,HOF-2012,239,239,0.296,7,58.3,30.3,0,88.6,88.6,0,1,0.658,17,4,1,17,4,7,2,0,1,1,NA,G213,non-FFH,G213,8,yes,no
60,non-FFH,X60_m_2021,NA,30,Hofkirchen,4582214,5394404,2257,land,east,2012,3.329,27.7,2.342,4.03,0.257,9.1,7.37,39,42.5,18.5,13,C,13,14,10,13,1.28,22.6,22.6,2021,2021,2020,2012,2013,NA,NA,m,HOF,HOF-2012,240,240,0.296,9,0,0,0,0,0,0,NA,NA,0,0,0,0,0,0,0,0,0,NA,NA,other,non-FFH,othe,0,no,no
61,better,X61_o_2017,NA,31,Muehlheim-Ruckasing,4575179,5398153,2269,water,north,2007,2.775,23.1,1.499,2.58,0.177,8.5,7.37,28,54.2,17.8,3,A,7,12,16,20,1.45,17.6,28.2,2017,2017,2016,2007,2008,70,10,o,MUE,MUE-2007,241,241,0.334,10,70,10.6,0,80.6,79.6,0,0.988,0.868,29,0,0,27,12,4,6,0,1,0.931,NA,G213,non-FFH,G213,8,yes,no
61,better,X61_o_2018,NA,31,Muehlheim-Ruckasing,4575179,5398153,2269,water,north,2007,2.775,23.1,1.499,2.58,0.177,8.5,7.37,28,54.2,17.8,3,A,7,12,16,20,1.45,17.6,28.2,2018,2018,2017,2007,2008,60,60,o,MUE,MUE-2007,242,242,0.334,11,83.8,19.7,0,103.5,103.5,0,1,0.81,29,0,0,29,13,4,6,0,1,1,NA,G214-GE6510,6510,G214,12,yes,yes
61,better,X61_o_2019,NA,31,Muehlheim-Ruckasing,4575179,5398153,2269,water,north,2007,2.775,23.1,1.499,2.58,0.177,8.5,7.37,28,54.2,17.8,3,A,7,12,16,20,1.45,17.6,28.2,2019,2019,2018,2007,2008,70,40,o,MUE,MUE-2007,243,243,0.334,12,50.8,45.7,0,96.5,95.5,0,0.99,0.526,36,1,0,34,14,7,5,0,2,0.944,NA,G214-GE6510,6510,G214,12,yes,yes
61,better,X61_o_2021,NA,31,Muehlheim-Ruckasing,4575179,5398153,2269,water,north,2007,2.775,23.1,1.499,2.58,0.177,8.5,7.37,28,54.2,17.8,3,A,7,12,16,20,1.45,17.6,28.2,2021,2021,2020,2007,2008,90,10,o,MUE,MUE-2007,244,244,0.334,14,66.5,36.8,0,103.3,100.8,0,0.976,0.644,32,1,0,30,14,4,6,1,1,0.938,NA,G214-GE6510,6510,G214,12,yes,yes
62,non-FFH,X62_m_2017,NA,31,Muehlheim-Ruckasing,4575175,5398141,2269,land,south,2007,3.644,30.4,1.555,2.67,0.157,9.9,7.41,45.5,43.8,10.7,1,A,13,10,12,45,1.16,13.7,16.4,2017,2017,2016,2007,2008,55,35,m,MUE,MUE-2007,245,245,0.127,10,6,52.2,0,58.2,58.2,0,1,0.103,19,2,0,19,4,3,2,0,2,1,NA,G213,non-FFH,G213,8,yes,no
62,non-FFH,X62_m_2018,NA,31,Muehlheim-Ruckasing,4575175,5398141,2269,land,south,2007,3.644,30.4,1.555,2.67,0.157,9.9,7.41,45.5,43.8,10.7,1,A,13,10,12,45,1.16,13.7,16.4,2018,2018,2017,2007,2008,50,50,m,MUE,MUE-2007,246,246,0.127,11,13.3,61.9,0,75.2,75.2,0,1,0.177,18,1,0,18,4,3,2,0,2,1,NA,G213,non-FFH,G213,8,yes,no
62,non-FFH,X62_m_2019,NA,31,Muehlheim-Ruckasing,4575175,5398141,2269,land,south,2007,3.644,30.4,1.555,2.67,0.157,9.9,7.41,45.5,43.8,10.7,1,A,13,10,12,45,1.16,13.7,16.4,2019,2019,2018,2007,2008,65,50,m,MUE,MUE-2007,247,247,0.127,12,11.3,63.8,0,75.1,75.1,0,1,0.15,21,2,0,21,3,5,3,0,1,1,NA,G214-GE00BK,non-FFH,G214,12,yes,yes
62,non-FFH,X62_m_2021,NA,31,Muehlheim-Ruckasing,4575175,5398141,2269,land,south,2007,3.644,30.4,1.555,2.67,0.157,9.9,7.41,45.5,43.8,10.7,1,A,13,10,12,45,1.16,13.7,16.4,2021,2021,2020,2007,2008,40,20,m,MUE,MUE-2007,248,248,0.127,14,19.8,23.6,0,43.4,42.9,0,0.988,0.456,14,1,0,13,2,3,1,0,2,0.929,NA,G213,non-FFH,G213,8,yes,no
63,FFH6510,X63_m_2017,NA,32,Parkstetten-Reibersdorf,4543373,5418240,2319,water,south,2008,4.394,36.6,1.8,3.1,0.218,8.3,7.42,45.4,38.6,16,4,A,7,12,20,9,1.08,23.7,47.3,2017,2017,2016,2008,2009,80,40,m,PAR,PAR-2008,249,249,0.424,9,34.6,31.2,0,65.8,62.2,0.6,0.945,0.526,33,1,1,28,10,6,0,0,2,0.848,NA,G214-GE6510,6510,G214,12,yes,yes
63,FFH6510,X63_m_2018,NA,32,Parkstetten-Reibersdorf,4543373,5418240,2319,water,south,2008,4.394,36.6,1.8,3.1,0.218,8.3,7.42,45.4,38.6,16,4,A,7,12,20,9,1.08,23.7,47.3,2018,2018,2017,2008,2009,65,70,m,PAR,PAR-2008,250,250,0.424,10,51.5,47.800000000000004,0,99.3,79.4,0.1,0.8,0.519,35,1,1,31,14,7,5,0,1,0.886,NA,G214-GE6510,6510,G214,12,yes,yes
63,FFH6510,X63_m_2019,NA,32,Parkstetten-Reibersdorf,4543373,5418240,2319,water,south,2008,4.394,36.6,1.8,3.1,0.218,8.3,7.42,45.4,38.6,16,4,A,7,12,20,9,1.08,23.7,47.3,2019,2019,2018,2008,2009,80,65,m,PAR,PAR-2008,251,251,0.424,11,48.400000000000006,45.1,0,93.5,82.6,1.1,0.883,0.518,38,1,2,32,11,6,5,0,1,0.842,NA,G214-GE6510,6510,G214,12,yes,yes
63,FFH6510,X63_m_2021,NA,32,Parkstetten-Reibersdorf,4543373,5418240,2319,water,south,2008,4.394,36.6,1.8,3.1,0.218,8.3,7.42,45.4,38.6,16,4,A,7,12,20,9,1.08,23.7,47.3,2021,2021,2020,2008,2009,80,50,m,PAR,PAR-2008,252,252,0.424,13,44,42.1,0.5,86.1,81.6,0.5,0.948,0.511,22,2,2,19,4,3,1,0,0,0.864,NA,G213,non-FFH,G213,8,yes,no
64,FFH6510,X64_m_2017,NA,32,Parkstetten-Reibersdorf,4543362,5418247,2319,land,north,2008,1.016,8.5,0.463,0.8,0.043,10.8,7.48,90.8,6.3,2.9,1,A,4,5,15,49,1.03,4.5,6.8,2017,2017,2016,2008,2009,20,35,m,PAR,PAR-2008,253,253,0.035,9,14.5,14.2,0,28.7,26.7,0,0.93,0.505,37,0,0,33,15,6,8,0,1,0.892,NA,G214-GE6510,6510,G214,12,yes,yes
64,FFH6510,X64_m_2018,NA,32,Parkstetten-Reibersdorf,4543362,5418247,2319,land,north,2008,1.016,8.5,0.463,0.8,0.043,10.8,7.48,90.8,6.3,2.9,1,A,4,5,15,49,1.03,4.5,6.8,2018,2018,2017,2008,2009,50,30,m,PAR,PAR-2008,254,254,0.035,10,30.1,25.900000000000002,0,56,55,0,0.982,0.537,32,1,0,30,12,7,8,0,2,0.938,NA,G214-GE6510,6510,G214,12,yes,yes
64,FFH6510,X64_m_2019,NA,32,Parkstetten-Reibersdorf,4543362,5418247,2319,land,north,2008,1.016,8.5,0.463,0.8,0.043,10.8,7.48,90.8,6.3,2.9,1,A,4,5,15,49,1.03,4.5,6.8,2019,2019,2018,2008,2009,70,60,m,PAR,PAR-2008,255,255,0.035,11,27.6,36.3,0,63.9,60.9,0,0.953,0.432,37,1,0,34,14,7,6,0,2,0.919,NA,G214-GE6510,6510,G214,12,yes,yes
64,FFH6510,X64_m_2021,NA,32,Parkstetten-Reibersdorf,4543362,5418247,2319,land,north,2008,1.016,8.5,0.463,0.8,0.043,10.8,7.48,90.8,6.3,2.9,1,A,4,5,15,49,1.03,4.5,6.8,2021,2021,2020,2008,2009,50,40,m,PAR,PAR-2008,256,256,0.035,13,23.1,37.3,0,60.4,59.4,0,0.983,0.382,39,1,1,37,13,7,7,0,2,0.949,NA,G214-GE6510,6510,G214,12,yes,yes
65,FFH6510,X65_m_2017,NA,33,Stoegermuehlbach,4572285,5405220,2278,land,south,2002,3.736,31.1,2.146,3.69,0.24,8.9,7.31,49.4,36.5,14.1,3,A,16,14,25,28,0.98,18.7,46.8,2017,2017,2016,2002,2003,100,100,m,STO,STO-2002,257,257,0.423,15,51,33.8,0,84.8,64.5,18.8,0.761,0.601,29,0,0,25,16,3,4,0,0,0.862,NA,G214-GE6510,6510,G214,12,yes,yes
65,FFH6510,X65_m_2018,NA,33,Stoegermuehlbach,4572285,5405220,2278,land,south,2002,3.736,31.1,2.146,3.69,0.24,8.9,7.31,49.4,36.5,14.1,3,A,16,14,25,28,0.98,18.7,46.8,2018,2018,2017,2002,2003,90,100,m,STO,STO-2002,258,258,0.423,16,74.5,12.6,0,87.1,86.1,0.5,0.989,0.855,26,0,0,24,14,2,4,0,0,0.923,NA,G214-GE6510,6510,G214,12,yes,yes
65,FFH6510,X65_m_2019,NA,33,Stoegermuehlbach,4572285,5405220,2278,land,south,2002,3.736,31.1,2.146,3.69,0.24,8.9,7.31,49.4,36.5,14.1,3,A,16,14,25,28,0.98,18.7,46.8,2019,2019,2018,2002,2003,90,140,m,STO,STO-2002,259,259,0.423,17,69.3,60.900000000000006,0,130.2,104,8.8,0.799,0.532,36,0,1,29,19,1,5,0,0,0.806,NA,G214-GE6510,6510,G214,12,yes,yes
65,FFH6510,X65_m_2021,NA,33,Stoegermuehlbach,4572285,5405220,2278,land,south,2002,3.736,31.1,2.146,3.69,0.24,8.9,7.31,49.4,36.5,14.1,3,A,16,14,25,28,0.98,18.7,46.8,2021,2021,2020,2002,2003,90,40,m,STO,STO-2002,260,260,0.423,19,49.3,51.5,1,100.8,59.3,0,0.588,0.489,27,0,2,19,8,1,2,0,0,0.704,NA,G213,non-FFH,G213,8,yes,no
66,better,X66_m_2017,NA,33,Stoegermuehlbach,4572279,5405229,2278,water_creek,north,2002,3.152,26.3,2.228,3.83,0.244,9.1,7.35,55.7,31.8,12.5,4,A,14,14,30,34,1.08,17.1,51.2,2017,2017,2016,2002,2003,100,90,m,STO,STO-2002,261,261,0.527,15,99.3,6.6,0,105.9,102.4,0.5,0.967,0.938,22,0,1,18,10,0,1,0,0,0.818,NA,G213,non-FFH,G213,8,yes,no
66,better,X66_m_2018,NA,33,Stoegermuehlbach,4572279,5405229,2278,water_creek,north,2002,3.152,26.3,2.228,3.83,0.244,9.1,7.35,55.7,31.8,12.5,4,A,14,14,30,34,1.08,17.1,51.2,2018,2018,2017,2002,2003,50,80,m,STO,STO-2002,262,262,0.527,16,33.6,17.3,0,50.9,45.3,0.6,0.89,0.66,28,0,2,22,9,2,3,0,0,0.786,NA,G214-GE6510,6510,G214,12,yes,yes
66,better,X66_m_2019,NA,33,Stoegermuehlbach,4572279,5405229,2278,water_creek,north,2002,3.152,26.3,2.228,3.83,0.244,9.1,7.35,55.7,31.8,12.5,4,A,14,14,30,34,1.08,17.1,51.2,2019,2019,2018,2002,2003,80,100,m,STO,STO-2002,263,263,0.527,17,35.6,78.3,0,113.9,96,2,0.843,0.313,36,1,2,26,8,4,4,0,1,0.722,NA,G214-GE6510,6510,G214,12,yes,yes
66,better,X66_m_2021,NA,33,Stoegermuehlbach,4572279,5405229,2278,water_creek,north,2002,3.152,26.3,2.228,3.83,0.244,9.1,7.35,55.7,31.8,12.5,4,A,14,14,30,34,1.08,17.1,51.2,2021,2021,2020,2002,2003,100,40,m,STO,STO-2002,264,264,0.527,19,55.900000000000006,33.1,0,89,62.4,4,0.701,0.628,30,0,1,23,13,0,2,0,0,0.767,NA,G214-GE6510,6510,G214,12,yes,yes
67,FFH6510,X67_o_2017,NA,34,Pfelling,4555183,5415826,2305,water,south,2008,2.387,19.9,2.626,4.52,0.306,8.6,7.3,37.3,42,20.7,5,B,7,18,24,3,0.96,25.1,60.2,2017,2017,2016,2008,2009,60,50,o,PFE,PFE-2008,265,265,0.676,9,29.3,35.2,0,64.5,61.5,0.5,0.953,0.454,43,3,2,37,14,4,6,0,0,0.86,NA,G214-GE6510,6510,G214,12,yes,yes
67,FFH6510,X67_o_2018,NA,34,Pfelling,4555183,5415826,2305,water,south,2008,2.387,19.9,2.626,4.52,0.306,8.6,7.3,37.3,42,20.7,5,B,7,18,24,3,0.96,25.1,60.2,2018,2018,2017,2008,2009,65,60,o,PFE,PFE-2008,266,266,0.676,10,38.1,32.2,0,70.3,68.8,0,0.979,0.542,30,3,2,27,10,3,4,1,0,0.9,NA,G214-GE6510,6510,G214,12,yes,yes
67,FFH6510,X67_o_2019,NA,34,Pfelling,4555183,5415826,2305,water,south,2008,2.387,19.9,2.626,4.52,0.306,8.6,7.3,37.3,42,20.7,5,B,7,18,24,3,0.96,25.1,60.2,2019,2019,2018,2008,2009,80,70,o,PFE,PFE-2008,267,267,0.676,11,27.3,102.5,0,129.8,124.7,0.1,0.961,0.21,39,2,1,34,11,4,7,0,0,0.872,NA,G214-GE6510,6510,G214,12,yes,yes
67,FFH6510,X67_o_2021,NA,34,Pfelling,4555183,5415826,2305,water,south,2008,2.387,19.9,2.626,4.52,0.306,8.6,7.3,37.3,42,20.7,5,B,7,18,24,3,0.96,25.1,60.2,2021,2021,2020,2008,2009,70,50,o,PFE,PFE-2008,268,268,0.676,13,8.5,58.6,0,67.1,66.6,0,0.993,0.127,28,1,1,27,8,2,6,0,0,0.964,NA,G214-GE6510,6510,G214,12,yes,yes
68,non-FFH,X68_m_2017,NA,34,Pfelling,4555191,5415833,2305,land,north,2008,1.708,14.2,1.903,3.27,0.201,9.5,7.34,51.5,32.7,15.8,3,A,6,15,13,14,1.44,19,24.7,2017,2017,2016,2008,2009,30,30,m,PFE,PFE-2008,269,269,0.318,9,42.5,12.8,0,55.3,53.2,0,0.962,0.769,23,2,2,21,11,6,3,0,2,0.913,NA,G214-GE00BK,non-FFH,G214,12,yes,yes
68,non-FFH,X68_m_2018,NA,34,Pfelling,4555191,5415833,2305,land,north,2008,1.708,14.2,1.903,3.27,0.201,9.5,7.34,51.5,32.7,15.8,3,A,6,15,13,14,1.44,19,24.7,2018,2018,2017,2008,2009,50,40,m,PFE,PFE-2008,270,270,0.318,10,46.1,9.2,0,55.3,54.8,0,0.991,0.834,23,2,2,22,9,5,4,0,1,0.957,NA,G213,non-FFH,G213,8,yes,no
68,non-FFH,X68_m_2019,NA,34,Pfelling,4555191,5415833,2305,land,north,2008,1.708,14.2,1.903,3.27,0.201,9.5,7.34,51.5,32.7,15.8,3,A,6,15,13,14,1.44,19,24.7,2019,2019,2018,2008,2009,60,50,m,PFE,PFE-2008,271,271,0.318,11,50.5,47.6,0,98.1,95.6,0.5,0.975,0.515,33,3,2,31,9,6,6,1,1,0.939,NA,G214-GE00BK,non-FFH,G214,12,yes,yes
68,non-FFH,X68_m_2021,NA,34,Pfelling,4555191,5415833,2305,land,north,2008,1.708,14.2,1.903,3.27,0.201,9.5,7.34,51.5,32.7,15.8,3,A,6,15,13,14,1.44,19,24.7,2021,2021,2020,2008,2009,40,30,m,PFE,PFE-2008,272,272,0.318,13,10.8,18.3,0,29.1,29.1,0,1,0.371,19,0,0,19,8,4,4,0,0,1,NA,G213,non-FFH,G213,8,yes,no
69,change,X69_m_2017,NA,35,Irlbach,4554993,5412682,2301,water_creek,north,2011,0.947,7.9,1.677,2.88,0.167,10,7.32,57.2,28.4,14.4,1,A,6,11,15,23,1.32,20.1,30.2,2017,2017,2016,2011,2012,60,30,m,IRL,IRL-2011,273,273,0.22,6,92.19999999999999,19.8,0,112,94.6,1,0.845,0.823,43,1,0,34,20,3,5,0,0,0.791,NA,G214-GE6510,6510,G214,12,yes,yes
69,change,X69_m_2018,NA,35,Irlbach,4554993,5412682,2301,water_creek,north,2011,0.947,7.9,1.677,2.88,0.167,10,7.32,57.2,28.4,14.4,1,A,6,11,15,23,1.32,20.1,30.2,2018,2018,2017,2011,2012,NA,NA,m,IRL,IRL-2011,274,274,0.22,7,0,0,0,0,0,0,NA,NA,0,0,0,0,0,0,0,0,0,NA,NA,other,non-FFH,othe,0,no,no
69,change,X69_m_2019,NA,35,Irlbach,4554993,5412682,2301,water_creek,north,2011,0.947,7.9,1.677,2.88,0.167,10,7.32,57.2,28.4,14.4,1,A,6,11,15,23,1.32,20.1,30.2,2019,2019,2018,2011,2012,60,50,m,IRL,IRL-2011,275,275,0.22,8,35.8,43.9,0,79.7,70.6,0,0.886,0.449,26,1,0,20,8,3,4,0,1,0.769,NA,G214-GE6510,6510,G214,12,yes,yes
69,change,X69_m_2021,NA,35,Irlbach,4554993,5412682,2301,water_creek,north,2011,0.947,7.9,1.677,2.88,0.167,10,7.32,57.2,28.4,14.4,1,A,6,11,15,23,1.32,20.1,30.2,2021,2021,2020,2011,2012,80,30,m,IRL,IRL-2011,276,276,0.22,10,31.900000000000002,53.6,3,85.5,67.7,0.5,0.792,0.373,35,1,0,26,14,1,6,0,0,0.743,NA,G214-GE6510,6510,G214,12,yes,yes
70,non-FFH,X70_m_2017,NA,35,Irlbach,4554990,5412675,2301,land,south,2011,1.112,9.3,1.649,2.84,0.17,9.7,7.45,46.6,35.7,17.7,3,A,8,13,15,31,1.46,13.2,19.7,2017,2017,2016,2011,2012,40,40,m,IRL,IRL-2011,277,277,0.298,6,38.5,3.1,0,41.6,41.6,0,1,0.925,10,0,0,10,2,2,2,0,0,1,NA,G213,non-FFH,G213,8,yes,no
70,non-FFH,X70_m_2018,NA,35,Irlbach,4554990,5412675,2301,land,south,2011,1.112,9.3,1.649,2.84,0.17,9.7,7.45,46.6,35.7,17.7,3,A,8,13,15,31,1.46,13.2,19.7,2018,2018,2017,2011,2012,50,30,m,IRL,IRL-2011,278,278,0.298,7,38,10.799999999999999,0,48.8,47.7,0,0.977,0.779,12,0,0,9,3,2,0,0,0,0.75,NA,G213,non-FFH,G213,8,yes,no
70,non-FFH,X70_m_2019,NA,35,Irlbach,4554990,5412675,2301,land,south,2011,1.112,9.3,1.649,2.84,0.17,9.7,7.45,46.6,35.7,17.7,3,A,8,13,15,31,1.46,13.2,19.7,2019,2019,2018,2011,2012,50,40,m,IRL,IRL-2011,279,279,0.298,8,13.8,51.5,0,65.3,63.8,0.5,0.977,0.211,15,1,0,12,3,2,2,0,0,0.8,NA,G213,non-FFH,G213,8,yes,no
70,non-FFH,X70_m_2021,NA,35,Irlbach,4554990,5412675,2301,land,south,2011,1.112,9.3,1.649,2.84,0.17,9.7,7.45,46.6,35.7,17.7,3,A,8,13,15,31,1.46,13.2,19.7,2021,2021,2020,2011,2012,30,20,m,IRL,IRL-2011,280,280,0.298,10,9.3,21.8,0,31.1,31.1,0,1,0.299,12,0,0,12,3,3,3,0,1,1,NA,G213,non-FFH,G213,8,yes,no
