id,plot,block,location,location_abb,location_construction_year,latitude,longitude,river_km,survey_year,survey_year_factor,survey_year_factor_minus,river_distance,orientation,exposition,construction_year,construction_year_factor,construction_year_factor_plus,survey_date.2017,survey_date.2018,survey_date.2019,survey_date.2021,c550,calciumcarbonat,c_organic,humus,humus_level,n_total_ratio,cn_ratio,ph,sand,silt,clay,phosphorus,potassium,magnesium,topsoil_depth,finematerial_depth,finematerial_density,sceleton_ratio_volume,sceleton_ratio_mass,sceleton_level,ufc_percent,ufc_mm,vegetation_cover,vegetation_height,opensoil_cover,moss_cover,litter_cover,botanist,n_total_concentration,plot_age,graminoid_cover,herb_cover,accumulated_cover,target_cover,ruderal_cover,ellenberg_cover,target_cover_ratio,graminoid_cover_ratio,species_richness,rlg_richness,rlb_richness,target_richness,target_richness_ratio,shannon,eveness,biotopeType,ffh,baykompv,biotopePoints,min8,min9,changeType
X01_m_2017,01,1,Parkstetten-Reibersdorf,PAR,PAR-2008,5418661,4543914,2318,2017,2017,2016,190.57,water,south,2008,2008,2009,NA,2018-06-12,2019-06-13,2021-06-30,4.3,35.8,2.108,3.63,h3,0.235,9,7.38,38.4,44.2,17.4,4,7,16,22,20,1.32,7,10,2,22.3,49,80,50,5,2,35,Jakob_Huber_Simon_Reith_Jakob_Strak,0.6204,9,77,6.7,83.7,81.7,2.6,74,0.97610513739546,0.9199522102747909,23,0,0,19,0.8260869565217391,1.253857713887809,0.39989157291947036,G213,non-FFH,G213,8,yes,no,better
X01_m_2018,01,1,Parkstetten-Reibersdorf,PAR,PAR-2008,5418661,4543914,2318,2018,2018,2017,190.57,water,south,2008,2008,2009,NA,2018-06-12,2019-06-13,2021-06-30,4.3,35.8,2.108,3.63,h3,0.235,9,7.38,38.4,44.2,17.4,4,7,16,22,20,1.32,7,10,2,22.3,49,60,NA,80,1,15,Jakob_Huber,0.6204,10,65.9,23.8,89.7,89.4,6.3,52.7,0.9966555183946488,0.7346711259754738,26,0,0,23,0.8846153846153846,2.2348858067794994,0.685948307761519,G214-GE6510,6510,G214,12,yes,yes,better
X01_m_2019,01,1,Parkstetten-Reibersdorf,PAR,PAR-2008,5418661,4543914,2318,2019,2019,2018,190.57,water,south,2008,2008,2009,NA,2018-06-12,2019-06-13,2021-06-30,4.3,35.8,2.108,3.63,h3,0.235,9,7.38,38.4,44.2,17.4,4,7,16,22,20,1.32,7,10,2,22.3,49,70,70,60,10,30,Jakob_Huber_Linda_Weggler,0.6204,11,48.900000000000006,44,92.9,87.9,10,41.2,0.946178686759957,0.5263724434876211,32,4,0,28,0.875,2.6497766271232344,0.7645639198828348,G214-GE6510,6510,G214,12,yes,yes,better
X01_m_2021,01,1,Parkstetten-Reibersdorf,PAR,PAR-2008,5418661,4543914,2318,2021,2021,2020,190.57,water,south,2008,2008,2009,NA,2018-06-12,2019-06-13,2021-06-30,4.3,35.8,2.108,3.63,h3,0.235,9,7.38,38.4,44.2,17.4,4,7,16,22,20,1.32,7,10,2,22.3,49,80,40,10,10,40,Markus Bauer,0.6204,13,27.8,53,80.8,78.8,6,25.3,0.9752475247524752,0.3440594059405941,29,2,1,25,0.8620689655172413,1.9629188220403138,0.582936255424935,G214-GE6510,6510,G214,12,yes,yes,better
X02_m_2017,02,1,Parkstetten-Reibersdorf,PAR,PAR-2008,5418670,4543912,2318,2017,2017,2016,199.6,land,north,2008,2008,2009,NA,2018-06-12,2019-06-13,2021-06-30,3.287,27.4,1.804,3.1,h3,0.193,9.3,7.37,48.5,36.5,15,3,6,14,14,8,1.44,40,53,4,13.2,18.5,80,30,1,70,20,Jakob_Huber_Simon_Reith_Jakob_Strak,0.22233599999999998,9,21.8,15.1,36.9,34.4,1,24.4,0.9322493224932249,0.5907859078590786,40,3,0,35,0.875,3.170949547861619,0.8595969554725601,G214-GE6510,6510,G214,12,yes,yes,FFH6510
X02_m_2018,02,1,Parkstetten-Reibersdorf,PAR,PAR-2008,5418670,4543912,2318,2018,2018,2017,199.6,land,north,2008,2008,2009,NA,2018-06-12,2019-06-13,2021-06-30,3.287,27.4,1.804,3.1,h3,0.193,9.3,7.37,48.5,36.5,15,3,6,14,14,8,1.44,40,53,4,13.2,18.5,75,60,10,60,30,Jakob_Huber,0.22233599999999998,10,47.6,20.9,68.5,64.4,0.5,56.2,0.9401459854014599,0.6948905109489051,35,3,1,32,0.9142857142857143,2.7559928124667805,0.7751682155451848,G214-GE6510,6510,G214,12,yes,yes,FFH6510
X02_m_2019,02,1,Parkstetten-Reibersdorf,PAR,PAR-2008,5418670,4543912,2318,2019,2019,2018,199.6,land,north,2008,2008,2009,NA,2018-06-12,2019-06-13,2021-06-30,3.287,27.4,1.804,3.1,h3,0.193,9.3,7.37,48.5,36.5,15,3,6,14,14,8,1.44,40,53,4,13.2,18.5,70,60,25,60,15,Jakob_Huber_Linda_Weggler,0.22233599999999998,11,48.900000000000006,54.9,103.80000000000001,101.3,1,46.2,0.9759152215799614,0.47109826589595377,41,2,0,36,0.8780487804878049,2.9227136349995204,0.787035657986664,G214-GE6510,6510,G214,12,yes,yes,FFH6510
X02_m_2021,02,1,Parkstetten-Reibersdorf,PAR,PAR-2008,5418670,4543912,2318,2021,2021,2020,199.6,land,north,2008,2008,2009,NA,2018-06-12,2019-06-13,2021-06-30,3.287,27.4,1.804,3.1,h3,0.193,9.3,7.37,48.5,36.5,15,3,6,14,14,8,1.44,40,53,4,13.2,18.5,70,30,10,60,10,Markus Bauer,0.22233599999999998,13,23.6,49.400000000000006,73,71.5,1,35.6,0.9794520547945206,0.3232876712328767,44,3,1,41,0.9318181818181818,2.989145351220403,0.7899036888712563,G214-GE6510,6510,G214,12,yes,yes,FFH6510
X03_m_2017,03,2,Parkstetten-Reibersdorf,PAR,PAR-2008,5418627,4544901,2317,2017,2017,2016,511.13,water,south,2008,2008,2009,NA,2018-06-12,2019-06-13,2021-06-30,4.351,36.2,1.474,2.54,h3,0.174,8.5,7.46,45.5,39.3,15.2,1,6,15,11,10,1.54,11,11,3,19.6,21.6,70,40,15,10,65,Jakob_Huber_Simon_Reith_Jakob_Strak,0.26796,9,50.5,29.6,80.1,79,20.9,16,0.986267166042447,0.6304619225967542,32,1,2,29,0.90625,1.932960377839732,0.5577344702688477,G214-GE6510,6510,G214,12,yes,yes,change
X03_m_2018,03,2,Parkstetten-Reibersdorf,PAR,PAR-2008,5418627,4544901,2317,2018,2018,2017,511.13,water,south,2008,2008,2009,NA,2018-06-12,2019-06-13,2021-06-30,4.351,36.2,1.474,2.54,h3,0.174,8.5,7.46,45.5,39.3,15.2,1,6,15,11,10,1.54,11,11,3,19.6,21.6,35,40,80,5,15,Jakob_Huber,0.26796,10,31.6,37,68.6,66.6,19.4,25.8,0.9708454810495627,0.4606413994169097,24,3,3,23,0.9583333333333334,2.3481525919199173,0.7388649523481584,G214-GE6510,6510,G214,12,yes,yes,change
X03_m_2019,03,2,Parkstetten-Reibersdorf,PAR,PAR-2008,5418627,4544901,2317,2019,2019,2018,511.13,water,south,2008,2008,2009,NA,2018-06-12,2019-06-13,2021-06-30,4.351,36.2,1.474,2.54,h3,0.174,8.5,7.46,45.5,39.3,15.2,1,6,15,11,10,1.54,11,11,3,19.6,21.6,50,60,80,5,15,Jakob_Huber_Linda_Weggler,0.26796,11,26.3,43.800000000000004,70.10000000000001,65.5,14.4,27.3,0.934379457917261,0.3751783166904422,29,3,4,26,0.896551724137931,2.8787994826251384,0.8549291859030699,G214-GE00BK,non-FFH,G214,12,yes,yes,change
X03_m_2021,03,2,Parkstetten-Reibersdorf,PAR,PAR-2008,5418627,4544901,2317,2021,2021,2020,511.13,water,south,2008,2008,2009,NA,2018-06-12,2019-06-13,2021-06-30,4.351,36.2,1.474,2.54,h3,0.174,8.5,7.46,45.5,39.3,15.2,1,6,15,11,10,1.54,11,11,3,19.6,21.6,50,30,40,4,10,Markus Bauer,0.26796,13,14.3,28.6,42.900000000000006,41.4,12.8,8.5,0.9650349650349649,0.3333333333333333,24,2,2,21,0.875,2.4286417127194753,0.7641914965466705,G214-GE00BK,non-FFH,G214,12,yes,yes,change
X04_m_2017,04,2,Parkstetten-Reibersdorf,PAR,PAR-2008,5418639,4544901,2317,2017,2017,2016,520.36,land,north,2008,2008,2009,NA,2018-06-12,NA,2021-06-30,2.405,20,1.48,2.55,h3,0.142,10.4,7.43,65.3,24.6,10.1,3,6,11,13,7,1.42,47,63,4,11.1,14.5,40,10,20,40,35,Jakob_Huber_Simon_Reith_Jakob_Strak,0.14114799999999997,9,40.5,12.2,52.7,51.7,1.5,7.6,0.9810246679316889,0.7685009487666034,30,2,2,28,0.9333333333333333,1.5390433686050873,0.4525004567223797,G213,non-FFH,G213,8,yes,no,better
X04_m_2018,04,2,Parkstetten-Reibersdorf,PAR,PAR-2008,5418639,4544901,2317,2018,2018,2017,520.36,land,north,2008,2008,2009,NA,2018-06-12,NA,2021-06-30,2.405,20,1.48,2.55,h3,0.142,10.4,7.43,65.3,24.6,10.1,3,6,11,13,7,1.42,47,63,4,11.1,14.5,50,40,40,20,35,Jakob_Huber,0.14114799999999997,10,58.6,26.7,85.3,85.3,1,19.9,1,0.6869871043376319,31,4,2,31,1,2.1336630047846494,0.6213369117968356,G312-GT6210,6210,G312,13,yes,yes,better
X04_m_2019,04,2,Parkstetten-Reibersdorf,PAR,PAR-2008,5418639,4544901,2317,2019,2019,2018,520.36,land,north,2008,2008,2009,NA,2018-06-12,NA,2021-06-30,2.405,20,1.48,2.55,h3,0.142,10.4,7.43,65.3,24.6,10.1,3,6,11,13,7,1.42,47,63,4,11.1,14.5,50,NA,30,50,20,Jakob_Huber_Linda_Weggler,0.14114799999999997,11,54.3,21.2,75.5,74.9,1.5,16.1,0.9920529801324504,0.719205298013245,31,3,1,29,0.9354838709677419,2.1388705261162415,0.6228533767751531,G214-GE6510,6510,G214,12,yes,yes,better
X04_m_2021,04,2,Parkstetten-Reibersdorf,PAR,PAR-2008,5418639,4544901,2317,2021,2021,2020,520.36,land,north,2008,2008,2009,NA,2018-06-12,NA,2021-06-30,2.405,20,1.48,2.55,h3,0.142,10.4,7.43,65.3,24.6,10.1,3,6,11,13,7,1.42,47,63,4,11.1,14.5,50,20,10,40,20,Markus Bauer,0.14114799999999997,13,27.6,24.3,51.900000000000006,50.9,2,9.5,0.980732177263969,0.5317919075144508,25,1,0,23,0.92,2.1958289188986946,0.6821726088140118,G214-GE6510,6510,G214,12,yes,yes,better
X05_m_2017,05,3,Oebling,OEB,OEB-2012,5418126,4545832,2316,2017,2017,2016,229.07,water,south,2012,2012,2013,NA,2018-06-14,2019-06-13,2021-06-30,4.968,41.4,2.053,3.53,h3,0.272,7.5,7.47,25.5,54.8,19.7,5,5,15,17,16,1.25,4,6,2,25,42.5,60,35,20,50,25,Jakob_Huber_Simon_Reith_Jakob_Strak,0.544,5,46,41.4,87.4,86.4,1.5,75.9,0.988558352402746,0.5263157894736842,31,0,0,29,0.9354838709677419,2.0887136448556785,0.6082473580937052,G214-GE00BK,non-FFH,G214,12,yes,yes,non-FFH
X05_m_2018,05,3,Oebling,OEB,OEB-2012,5418126,4545832,2316,2018,2018,2017,229.07,water,south,2012,2012,2013,NA,2018-06-14,2019-06-13,2021-06-30,4.968,41.4,2.053,3.53,h3,0.272,7.5,7.47,25.5,54.8,19.7,5,5,15,17,16,1.25,4,6,2,25,42.5,30,30,40,15,40,Jakob_Huber,0.544,6,16.400000000000002,16.400000000000002,32.800000000000004,30.8,13.3,17.5,0.9390243902439024,0.5,14,1,1,13,0.9285714285714286,1.9782756084071256,0.749614487797252,G213,non-FFH,G213,8,yes,no,non-FFH
X05_m_2019,05,3,Oebling,OEB,OEB-2012,5418126,4545832,2316,2019,2019,2018,229.07,water,south,2012,2012,2013,NA,2018-06-14,2019-06-13,2021-06-30,4.968,41.4,2.053,3.53,h3,0.272,7.5,7.47,25.5,54.8,19.7,5,5,15,17,16,1.25,4,6,2,25,42.5,65,40,70,10,20,Jakob_Huber_Linda_Weggler,0.544,7,13.4,83.6,97,96.9,64.6,24.2,0.9989690721649485,0.13814432989690723,14,0,1,13,0.9285714285714286,1.3572731970551397,0.5143022782506257,G213,non-FFH,G213,8,yes,no,non-FFH
X05_m_2021,05,3,Oebling,OEB,OEB-2012,5418126,4545832,2316,2021,2021,2020,229.07,water,south,2012,2012,2013,NA,2018-06-14,2019-06-13,2021-06-30,4.968,41.4,2.053,3.53,h3,0.272,7.5,7.47,25.5,54.8,19.7,5,5,15,17,16,1.25,4,6,2,25,42.5,30,10,60,10,4,Markus Bauer,0.544,9,2,29.1,31.1,30.6,19.3,2.5,0.9839228295819936,0.06430868167202572,9,0,1,8,0.8888888888888888,1.126329710824552,0.5126147424538847,G213,non-FFH,G213,8,yes,no,non-FFH
X06_m_2017,06,3,Oebling,OEB,OEB-2012,5418139,4545833,2316,2017,2017,2016,222.89,land,north,2012,2012,2013,NA,2018-06-14,NA,2021-06-30,5.489,45.7,1.579,2.72,h3,0.213,7.4,7.44,24.4,56.9,18.7,11,5,14,18,18,1.29,0,2,1,26,46.8,50,30,40,10,40,Jakob_Huber_Simon_Reith_Jakob_Strak,0.49458599999999997,5,17.5,50.1,67.6,67.6,5.5,40.8,1,0.25887573964497046,20,1,0,20,1,2.1511050261059057,0.718056498271102,G214-GE00BK,non-FFH,G214,12,yes,yes,better
X06_m_2018,06,3,Oebling,OEB,OEB-2012,5418139,4545833,2316,2018,2018,2017,222.89,land,north,2012,2012,2013,NA,2018-06-14,NA,2021-06-30,5.489,45.7,1.579,2.72,h3,0.213,7.4,7.44,24.4,56.9,18.7,11,5,14,18,18,1.29,0,2,1,26,46.8,70,40,25,5,65,Jakob_Huber,0.49458599999999997,6,70.1,32,102.1,101.6,2,67.8,0.9951028403525954,0.6865817825661117,28,1,0,27,0.9642857142857143,2.3023498913760347,0.6909389517796972,G214-GE6510,6510,G214,12,yes,yes,better
X06_m_2019,06,3,Oebling,OEB,OEB-2012,5418139,4545833,2316,2019,2019,2018,222.89,land,north,2012,2012,2013,NA,2018-06-14,NA,2021-06-30,5.489,45.7,1.579,2.72,h3,0.213,7.4,7.44,24.4,56.9,18.7,11,5,14,18,18,1.29,0,2,1,26,46.8,80,50,5,35,60,Jakob_Huber_Linda_Weggler,0.49458599999999997,7,39.1,76.5,115.6,115.1,3.5,77.3,0.995674740484429,0.3382352941176471,27,1,0,26,0.9629629629629629,2.3113566907427683,0.7012958422134878,G214-GE6510,6510,G214,12,yes,yes,better
X06_m_2021,06,3,Oebling,OEB,OEB-2012,5418139,4545833,2316,2021,2021,2020,222.89,land,north,2012,2012,2013,NA,2018-06-14,NA,2021-06-30,5.489,45.7,1.579,2.72,h3,0.213,7.4,7.44,24.4,56.9,18.7,11,5,14,18,18,1.29,0,2,1,26,46.8,70,20,2,40,20,Markus Bauer,0.49458599999999997,9,18.8,55.900000000000006,74.7,73.7,1.5,42.3,0.9866131191432397,0.25167336010709507,36,3,0,34,0.9444444444444444,2.671972880382198,0.7456282291990247,G214-GE6510,6510,G214,12,yes,yes,better
X09_m_2017,09,5,Oebling,OEB,OEB-2010,5417317,4546913,2314,2017,2017,2016,1537.93,water,south,2010,2010,2011,NA,2018-06-14,2019-06-13,2021-07-01,0.934,7.8,2.599,4.47,h4,0.285,9.1,7.28,24.8,41.2,34,10,7,21,18,17,1.37,8,12,2,24,43.2,45,50,5,5,80,Jakob_Huber_Leonardo_Teixeira,0.663765,7,41,3.5,44.5,44,1.5,41,0.9887640449438202,0.9213483146067416,12,0,0,11,0.9166666666666666,0.7879983252410967,0.3171138542803307,G213,non-FFH,G213,8,yes,no,non-FFH
X09_m_2018,09,5,Oebling,OEB,OEB-2010,5417317,4546913,2314,2018,2018,2017,1537.93,water,south,2010,2010,2011,NA,2018-06-14,2019-06-13,2021-07-01,0.934,7.8,2.599,4.47,h4,0.285,9.1,7.28,24.8,41.2,34,10,7,21,18,17,1.37,8,12,2,24,43.2,60,80,10,20,70,Jakob_Huber,0.663765,8,37.5,1,38.5,38.5,0,38,1,0.974025974025974,3,0,0,3,1,0.13845985672091396,0.12603159290050742,G213,non-FFH,G213,8,yes,no,non-FFH
X09_m_2019,09,5,Oebling,OEB,OEB-2010,5417317,4546913,2314,2019,2019,2018,1537.93,water,south,2010,2010,2011,NA,2018-06-14,2019-06-13,2021-07-01,0.934,7.8,2.599,4.47,h4,0.285,9.1,7.28,24.8,41.2,34,10,7,21,18,17,1.37,8,12,2,24,43.2,50,80,5,50,45,Jakob_Huber_Linda_Weggler,0.663765,9,63,3.5,66.5,66.5,1,63.5,1,0.9473684210526315,9,0,0,9,1,0.35246027737372637,0.16041158514667064,G213,non-FFH,G213,8,yes,no,non-FFH
X09_m_2021,09,5,Oebling,OEB,OEB-2010,5417317,4546913,2314,2021,2021,2020,1537.93,water,south,2010,2010,2011,NA,2018-06-14,2019-06-13,2021-07-01,0.934,7.8,2.599,4.47,h4,0.285,9.1,7.28,24.8,41.2,34,10,7,21,18,17,1.37,8,12,2,24,43.2,70,20,4,30,30,Markus Bauer,0.663765,11,63,4,67,66.5,0.5,63,0.9925373134328358,0.9402985074626866,7,0,0,6,0.8571428571428571,0.35243387004593224,0.1811151816115607,G213,non-FFH,G213,8,yes,no,non-FFH
X10_m_2017,10,5,Oebling,OEB,OEB-2010,5417329,4546909,2314,2017,2017,2016,1526.4,land,north,2010,2010,2011,NA,2018-06-14,NA,2021-07-01,1.28,10.7,2.655,4.57,h4,0.293,9.1,7.33,25.3,41.6,33.1,13,11,23,17,16,1.03,8,18,2,23.9,40.7,30,50,20,0,70,Jakob_Huber_Leonardo_Teixeira,0.482864,7,54.9,14.9,69.8,68.1,1.1,60.3,0.9756446991404011,0.7865329512893983,30,0,0,25,0.8333333333333334,1.9116766897617856,0.5620599086864976,G214-GE6510,6510,G214,12,yes,yes,worse
X10_m_2018,10,5,Oebling,OEB,OEB-2010,5417329,4546909,2314,2018,2018,2017,1526.4,land,north,2010,2010,2011,NA,2018-06-14,NA,2021-07-01,1.28,10.7,2.655,4.57,h4,0.293,9.1,7.33,25.3,41.6,33.1,13,11,23,17,16,1.03,8,18,2,23.9,40.7,50,40,40,0,55,Jakob_Huber,0.482864,8,51.8,12.7,64.5,64,1.1,55.8,0.9922480620155039,0.8031007751937984,24,0,0,23,0.9583333333333334,1.7054409416244374,0.5366306024582721,G213,non-FFH,G213,8,yes,no,worse
X10_m_2019,10,5,Oebling,OEB,OEB-2010,5417329,4546909,2314,2019,2019,2018,1526.4,land,north,2010,2010,2011,NA,2018-06-14,NA,2021-07-01,1.28,10.7,2.655,4.57,h4,0.293,9.1,7.33,25.3,41.6,33.1,13,11,23,17,16,1.03,8,18,2,23.9,40.7,60,60,60,0,40,Jakob_Huber_Linda_Weggler,0.482864,9,42.5,15,57.5,56.5,1.5,50.5,0.9826086956521739,0.7391304347826086,21,0,0,19,0.9047619047619048,1.543427536440991,0.5069522619761367,G213,non-FFH,G213,8,yes,no,worse
X10_m_2021,10,5,Oebling,OEB,OEB-2010,5417329,4546909,2314,2021,2021,2020,1526.4,land,north,2010,2010,2011,NA,2018-06-14,NA,2021-07-01,1.28,10.7,2.655,4.57,h4,0.293,9.1,7.33,25.3,41.6,33.1,13,11,23,17,16,1.03,8,18,2,23.9,40.7,70,20,4,70,30,Markus Bauer,0.482864,11,64,11,75,73.5,1,68.5,0.98,0.8533333333333334,23,1,0,20,0.8695652173913043,0.950072663381141,0.3030057139172886,G213,non-FFH,G213,8,yes,no,worse
X11_m_2017,11,6,Oebling,OEB,OEB-2010,5417431,4546311,2315,2017,2017,2016,1010.1,water,north,2010,2010,2011,NA,2018-06-14,2019-06-13,2021-06-30,0.23,1.9,1.887,3.25,h3,0.186,10.1,7.18,54.3,32.3,13.4,6,8,14,15,13,1.32,11,20,3,23.1,34.7,65,NA,20,40,30,Jakob_Huber_Leonardo_Teixeira,0.319176,7,83,33.5,116.5,99.5,9.1,54.5,0.8540772532188842,0.7124463519313304,38,0,0,29,0.7631578947368421,2.1720831236292026,0.5971221101722533,G214-GE6510,6510,G214,12,yes,yes,change
X11_m_2018,11,6,Oebling,OEB,OEB-2010,5417431,4546311,2315,2018,2018,2017,1010.1,water,north,2010,2010,2011,NA,2018-06-14,2019-06-13,2021-06-30,0.23,1.9,1.887,3.25,h3,0.186,10.1,7.18,54.3,32.3,13.4,6,8,14,15,13,1.32,11,20,3,23.1,34.7,80,80,25,35,35,Jakob_Huber,0.319176,8,62.800000000000004,20.4,83.2,72.5,6.8,54.4,0.8713942307692307,0.7548076923076923,27,0,0,19,0.7037037037037037,2.312207190069047,0.7015538948298208,G213,non-FFH,G213,8,yes,no,change
X11_m_2019,11,6,Oebling,OEB,OEB-2010,5417431,4546311,2315,2019,2019,2018,1010.1,water,north,2010,2010,2011,NA,2018-06-14,2019-06-13,2021-06-30,0.23,1.9,1.887,3.25,h3,0.186,10.1,7.18,54.3,32.3,13.4,6,8,14,15,13,1.32,11,20,3,23.1,34.7,80,110,10,60,30,Jakob_Huber_Linda_Weggler,0.319176,9,45.8,48.2,94,83.8,7,62.1,0.8914893617021277,0.48723404255319147,35,0,0,27,0.7714285714285715,2.819133399385023,0.7929275420094949,G214-GE6510,6510,G214,12,yes,yes,change
X11_m_2021,11,6,Oebling,OEB,OEB-2010,5417431,4546311,2315,2021,2021,2020,1010.1,water,north,2010,2010,2011,NA,2018-06-14,2019-06-13,2021-06-30,0.23,1.9,1.887,3.25,h3,0.186,10.1,7.18,54.3,32.3,13.4,6,8,14,15,13,1.32,11,20,3,23.1,34.7,70,50,2,60,20,Markus Bauer,0.319176,11,48,23,71,65.5,6,54.5,0.9225352112676056,0.676056338028169,32,0,0,24,0.75,2.128755981981985,0.614229139693625,G214-GE6510,6510,G214,12,yes,yes,change
X12_m_2017,12,6,Oebling,OEB,OEB-2010,5417420,4546311,2315,2017,2017,2016,1016.68,land,south,2010,2010,2011,NA,2018-06-14,2019-06-13,2021-06-30,0.255,2.1,2.37,4.08,h4,0.245,9.7,7.26,47.4,29.9,22.7,20,13,21,15,12,1.19,18,32,3,21.4,32.1,25,60,70,1,25,Jakob_Huber_Leonardo_Teixeira,0.34985999999999995,7,21.6,13,34.6,25.3,5.5,25.6,0.7312138728323699,0.6242774566473989,16,0,0,14,0.875,2.1371242599099096,0.7708046428838807,G213,non-FFH,G213,8,yes,no,non-FFH
X12_m_2018,12,6,Oebling,OEB,OEB-2010,5417420,4546311,2315,2018,2018,2017,1016.68,land,south,2010,2010,2011,NA,2018-06-14,2019-06-13,2021-06-30,0.255,2.1,2.37,4.08,h4,0.245,9.7,7.26,47.4,29.9,22.7,20,13,21,15,12,1.19,18,32,3,21.4,32.1,25,30,65,0,35,Jakob_Huber,0.34985999999999995,8,15.3,9.6,24.9,22.9,0.5,14.6,0.9196787148594378,0.6144578313253013,12,0,0,11,0.9166666666666666,2.010132400710809,0.8089367867731785,G211,non-FFH,G211,6,no,no,non-FFH
X12_m_2019,12,6,Oebling,OEB,OEB-2010,5417420,4546311,2315,2019,2019,2018,1016.68,land,south,2010,2010,2011,NA,2018-06-14,2019-06-13,2021-06-30,0.255,2.1,2.37,4.08,h4,0.245,9.7,7.26,47.4,29.9,22.7,20,13,21,15,12,1.19,18,32,3,21.4,32.1,50,50,80,5,15,Jakob_Huber_Linda_Weggler,0.34985999999999995,9,9.5,50.1,59.6,53.1,15.3,33.9,0.8909395973154363,0.1593959731543624,17,1,0,14,0.8235294117647058,2.2941027936142104,0.8097176297813918,G213,non-FFH,G213,8,yes,no,non-FFH
X12_m_2021,12,6,Oebling,OEB,OEB-2010,5417420,4546311,2315,2021,2021,2020,1016.68,land,south,2010,2010,2011,NA,2018-06-14,2019-06-13,2021-06-30,0.255,2.1,2.37,4.08,h4,0.245,9.7,7.26,47.4,29.9,22.7,20,13,21,15,12,1.19,18,32,3,21.4,32.1,50,20,20,30,10,Markus Bauer,0.34985999999999995,11,7,45.1,52.1,51.1,2.5,26.3,0.980806142034549,0.1343570057581574,11,0,0,9,0.8181818181818182,1.6030095943326605,0.6685069246005604,G213,non-FFH,G213,8,yes,no,non-FFH
X13_m_2017,13,7,Oebling,OEB,OEB-2006,5418241,4547375,2314,2017,2017,2016,624.34,water,north,2006,2006,2007,NA,2018-06-15,2019-06-14,2021-07-01,0.028,0.2,1.034,1.78,h2,0.109,9.5,6.16,42.4,36.4,21.2,23,18,17,26,25,1.41,3,5,2,16.5,42.8,75,40,5,35,50,Jakob_Huber_Leonardo_Teixeira,0.384225,11,27.8,37.1,64.9,61.4,0.5,32.8,0.946070878274268,0.4283513097072419,27,1,1,23,0.8518518518518519,2.1622073428821476,0.6560419798639716,G214-GE6510,6510,G214,12,yes,yes,FFH6510
X13_m_2018,13,7,Oebling,OEB,OEB-2006,5418241,4547375,2314,2018,2018,2017,624.34,water,north,2006,2006,2007,NA,2018-06-15,2019-06-14,2021-07-01,0.028,0.2,1.034,1.78,h2,0.109,9.5,6.16,42.4,36.4,21.2,23,18,17,26,25,1.41,3,5,2,16.5,42.8,NA,10,10,40,50,Jakob_Huber,0.384225,12,34.00000000000001,29.400000000000002,63.400000000000006,62.3,2,54.8,0.9826498422712933,0.5362776025236594,24,0,0,21,0.875,2.3155786774548885,0.7286153102074329,G214-GE6510,6510,G214,12,yes,yes,FFH6510
X13_m_2019,13,7,Oebling,OEB,OEB-2006,5418241,4547375,2314,2019,2019,2018,624.34,water,north,2006,2006,2007,NA,2018-06-15,2019-06-14,2021-07-01,0.028,0.2,1.034,1.78,h2,0.109,9.5,6.16,42.4,36.4,21.2,23,18,17,26,25,1.41,3,5,2,16.5,42.8,70,55,5,40,45,Jakob_Huber_Linda_Weggler,0.384225,13,40.6,82.1,122.69999999999999,113.4,1,109.7,0.9242053789731053,0.33088834555827223,30,0,0,28,0.9333333333333333,2.1137026856782644,0.621458400819215,G214-GE6510,6510,G214,12,yes,yes,FFH6510
X13_m_2021,13,7,Oebling,OEB,OEB-2006,5418241,4547375,2314,2021,2021,2020,624.34,water,north,2006,2006,2007,NA,2018-06-15,2019-06-14,2021-07-01,0.028,0.2,1.034,1.78,h2,0.109,9.5,6.16,42.4,36.4,21.2,23,18,17,26,25,1.41,3,5,2,16.5,42.8,60,30,10,50,20,Markus Bauer,0.384225,15,13,59.3,72.3,65.8,4.5,54.5,0.9100968188105117,0.1798063623789765,27,0,0,21,0.7777777777777778,1.9637114129025708,0.5958157192662434,G214-GE6510,6510,G214,12,yes,yes,FFH6510
X14_m_2017,14,7,Oebling,OEB,OEB-2006,5418234,4547375,2314,2017,2017,2016,631.3,land,south,2006,2006,2007,NA,2018-06-15,2019-06-14,2021-07-01,0.118,1,1.309,2.25,h3,0.132,9.9,7.18,42.3,36.1,21.6,32,17,18,15,14,1.47,4,8,2,18.3,27.4,40,50,30,30,30,Jakob_Huber_Leonardo_Teixeira,0.27165599999999995,11,30.8,7.7,38.5,19.2,0.5,25.3,0.4987012987012987,0.8,22,1,0,20,0.9090909090909091,2.0049353350258037,0.6486275634446584,G213,non-FFH,G213,8,yes,no,non-FFH
X14_m_2018,14,7,Oebling,OEB,OEB-2006,5418234,4547375,2314,2018,2018,2017,631.3,land,south,2006,2006,2007,NA,2018-06-15,2019-06-14,2021-07-01,0.118,1,1.309,2.25,h3,0.132,9.9,7.18,42.3,36.1,21.6,32,17,18,15,14,1.47,4,8,2,18.3,27.4,30,20,35,40,20,Jakob_Huber,0.27165599999999995,12,17.3,10.3,27.6,27.6,1.5,9.5,1,0.6268115942028986,17,1,1,17,1,2.109493163911466,0.7445585304534023,G213,non-FFH,G213,8,yes,no,non-FFH
X14_m_2019,14,7,Oebling,OEB,OEB-2006,5418234,4547375,2314,2019,2019,2018,631.3,land,south,2006,2006,2007,NA,2018-06-15,2019-06-14,2021-07-01,0.118,1,1.309,2.25,h3,0.132,9.9,7.18,42.3,36.1,21.6,32,17,18,15,14,1.47,4,8,2,18.3,27.4,60,60,50,25,25,Jakob_Huber_Linda_Weggler,0.27165599999999995,13,34.8,46.400000000000006,81.2,79.7,9,24.8,0.9815270935960592,0.42857142857142855,21,0,0,18,0.8571428571428571,2.5325532187014526,0.831839236039659,G213,non-FFH,G213,8,yes,no,non-FFH
X14_m_2021,14,7,Oebling,OEB,OEB-2006,5418234,4547375,2314,2021,2021,2020,631.3,land,south,2006,2006,2007,NA,2018-06-15,2019-06-14,2021-07-01,0.118,1,1.309,2.25,h3,0.132,9.9,7.18,42.3,36.1,21.6,32,17,18,15,14,1.47,4,8,2,18.3,27.4,50,20,10,40,20,Markus Bauer,0.27165599999999995,15,27.8,21.3,49.1,29.8,20.3,8,0.6069246435845214,0.5661914460285132,22,0,1,20,0.9090909090909091,2.1760391077109675,0.7039822780003466,G214-GE6510,6510,G214,12,yes,yes,non-FFH
X21_m_2017,21,11,Pfelling,PFE,PFE-2008,5415944,4555538,2305,2017,2017,2016,484.02,water,south,2008,2008,2009,NA,2018-06-15,2019-06-14,2021-07-01,0.506,4.2,2.446,4.21,h4,0.251,9.7,7.31,27.2,46.4,26.4,1,6,34,23,23,1.31,0,7,1,26,59.8,90,35,10,0,80,Jakob_Huber_Simon_Reith_Jakob_Strak,0.756263,9,122.3,7,129.3,128.8,40,66.5,0.9961330239752514,0.9458623356535188,15,2,1,14,0.9333333333333333,1.3775496345267226,0.5086868899129133,G213,non-FFH,G213,8,yes,no,non-FFH
X21_m_2018,21,11,Pfelling,PFE,PFE-2008,5415944,4555538,2305,2018,2018,2017,484.02,water,south,2008,2008,2009,NA,2018-06-15,2019-06-14,2021-07-01,0.506,4.2,2.446,4.21,h4,0.251,9.7,7.31,27.2,46.4,26.4,1,6,34,23,23,1.31,0,7,1,26,59.8,80,30,10,0,85,Jakob_Huber,0.756263,10,78.5,2.7,81.2,81.2,38.1,40.5,1,0.9667487684729064,13,3,2,13,1,1.0720536881342742,0.4179629063691369,G213,non-FFH,G213,8,yes,no,non-FFH
X21_m_2019,21,11,Pfelling,PFE,PFE-2008,5415944,4555538,2305,2019,2019,2018,484.02,water,south,2008,2008,2009,NA,2018-06-15,2019-06-14,2021-07-01,0.506,4.2,2.446,4.21,h4,0.251,9.7,7.31,27.2,46.4,26.4,1,6,34,23,23,1.31,0,7,1,26,59.8,60,50,70,5,25,Jakob_Huber_Linda_Weggler,0.756263,11,38.900000000000006,59.1,98,87.2,49.9,13.8,0.889795918367347,0.3969387755102041,23,2,2,18,0.782608695652174,2.336184926728685,0.74507709657388,G213,non-FFH,G213,8,yes,no,non-FFH
X21_m_2021,21,11,Pfelling,PFE,PFE-2008,5415944,4555538,2305,2021,2021,2020,484.02,water,south,2008,2008,2009,NA,2018-06-15,2019-06-14,2021-07-01,0.506,4.2,2.446,4.21,h4,0.251,9.7,7.31,27.2,46.4,26.4,1,6,34,23,23,1.31,0,7,1,26,59.8,60,40,10,10,40,Markus Bauer,0.756263,13,23.8,37.1,60.900000000000006,52.9,9,13.3,0.8686371100164203,0.3908045977011494,15,1,2,13,0.8666666666666667,2.1709923806121685,0.8016809953259166,G213,non-FFH,G213,8,yes,no,non-FFH
X22_m_2017,22,11,Pfelling,PFE,PFE-2008,5415946,4555531,2305,2017,2017,2016,479.05,land,north,2008,2008,2009,NA,2018-06-15,2019-06-14,2021-07-01,0.776,6.5,1.786,3.07,h3,0.19,9.4,7.35,41.9,38.9,19.2,2,8,21,8,7,1.29,12,18,3,21.1,16.9,30,40,10,60,20,Jakob_Huber_Simon_Reith_Jakob_Strak,0.17157000000000003,9,41.5,11,52.5,52,2.5,4,0.9904761904761905,0.7904761904761904,19,1,0,18,0.9473684210526315,1.358795414032366,0.4614785443497409,G213,non-FFH,G213,8,yes,no,non-FFH
X22_m_2018,22,11,Pfelling,PFE,PFE-2008,5415946,4555531,2305,2018,2018,2017,479.05,land,north,2008,2008,2009,NA,2018-06-15,2019-06-14,2021-07-01,0.776,6.5,1.786,3.07,h3,0.19,9.4,7.35,41.9,38.9,19.2,2,8,21,8,7,1.29,12,18,3,21.1,16.9,30,30,5,70,20,Jakob_Huber,0.17157000000000003,10,43.5,7.5,51,51,1,7,1,0.8529411764705882,15,1,0,15,1,1.1785267766409269,0.43519384395505367,G213,non-FFH,G213,8,yes,no,non-FFH
X22_m_2019,22,11,Pfelling,PFE,PFE-2008,5415946,4555531,2305,2019,2019,2018,479.05,land,north,2008,2008,2009,NA,2018-06-15,2019-06-14,2021-07-01,0.776,6.5,1.786,3.07,h3,0.19,9.4,7.35,41.9,38.9,19.2,2,8,21,8,7,1.29,12,18,3,21.1,16.9,50,60,20,60,20,Jakob_Huber_Linda_Weggler,0.17157000000000003,11,73.8,27.400000000000002,101.2,100.7,1,8,0.9950592885375494,0.7292490118577074,21,1,0,20,0.9523809523809523,1.584584040513264,0.5204704753952003,G214-GE00BK,non-FFH,G214,12,yes,yes,non-FFH
X22_m_2021,22,11,Pfelling,PFE,PFE-2008,5415946,4555531,2305,2021,2021,2020,479.05,land,north,2008,2008,2009,NA,2018-06-15,2019-06-14,2021-07-01,0.776,6.5,1.786,3.07,h3,0.19,9.4,7.35,41.9,38.9,19.2,2,8,21,8,7,1.29,12,18,3,21.1,16.9,30,10,4,70,40,Markus Bauer,0.17157000000000003,13,23.8,10,33.8,33.3,1.5,3.5,0.985207100591716,0.7041420118343196,16,1,0,15,0.9375,1.7860748540950466,0.6441903336648507,G213,non-FFH,G213,8,yes,no,non-FFH
X23_m_2017,23,12,Pfelling,PFE,PFE-2008,5416175,4555683,2305,2017,2017,2016,729.96,water,south,2008,2008,2009,NA,2018-06-15,2019-06-14,2021-07-01,0.891,7.4,1.969,3.39,h3,0.199,9.9,7.26,55.8,28.9,15.3,3,7,16,12,9,1.5,21,33,3,17.4,20.8,50,45,45,0,45,Jakob_Huber_Simon_Reith_Jakob_Strak,0.26865,9,51,13.299999999999999,64.3,63.2,9.1,10.1,0.9828926905132194,0.7931570762052877,27,3,2,24,0.8888888888888888,1.8288057612473947,0.554883580589511,G214-GE6510,6510,G214,12,yes,yes,FFH6510
X23_m_2018,23,12,Pfelling,PFE,PFE-2008,5416175,4555683,2305,2018,2018,2017,729.96,water,south,2008,2008,2009,NA,2018-06-15,2019-06-14,2021-07-01,0.891,7.4,1.969,3.39,h3,0.199,9.9,7.26,55.8,28.9,15.3,3,7,16,12,9,1.5,21,33,3,17.4,20.8,50,45,70,10,20,Jakob_Huber,0.26865,10,30.8,15.9,46.7,45.7,2,23,0.9785867237687366,0.6595289079229122,36,3,2,34,0.9444444444444444,2.823661497843932,0.787957743865155,G214-GE6510,6510,G214,12,yes,yes,FFH6510
X23_m_2019,23,12,Pfelling,PFE,PFE-2008,5416175,4555683,2305,2019,2019,2018,729.96,water,south,2008,2008,2009,NA,2018-06-15,2019-06-14,2021-07-01,0.891,7.4,1.969,3.39,h3,0.199,9.9,7.26,55.8,28.9,15.3,3,7,16,12,9,1.5,21,33,3,17.4,20.8,70,65,30,10,60,Jakob_Huber_Linda_Weggler,0.26865,11,45.400000000000006,36.1,81.5,74.8,6.6,41.2,0.9177914110429447,0.5570552147239265,41,3,1,36,0.8780487804878049,3.1125948404693697,0.8381673452298749,G214-GE6510,6510,G214,12,yes,yes,FFH6510
X23_m_2021,23,12,Pfelling,PFE,PFE-2008,5416175,4555683,2305,2021,2021,2020,729.96,water,south,2008,2008,2009,NA,2018-06-15,2019-06-14,2021-07-01,0.891,7.4,1.969,3.39,h3,0.199,9.9,7.26,55.8,28.9,15.3,3,7,16,12,9,1.5,21,33,3,17.4,20.8,60,40,30,4,30,Markus Bauer,0.26865,13,40.900000000000006,27.8,68.7,65.2,11.8,33.6,0.9490538573508006,0.5953420669577876,30,3,2,26,0.8666666666666667,2.5457736983168537,0.748493372376037,G214-GE6510,6510,G214,12,yes,yes,FFH6510
X24_m_2017,24,12,Pfelling,PFE,PFE-2008,5416180,4555677,2305,2017,2017,2016,728,land,north,2008,2008,2009,NA,2018-06-15,2019-06-14,2021-07-01,1.497,12.5,2.155,3.71,h3,0.219,9.8,7.27,51.4,32.5,16.1,2,8,16,9,7,1.39,20,32,3,20.9,18.8,50,40,5,50,30,Jakob_Huber_Simon_Reith_Jakob_Strak,0.21308699999999994,9,43,15.799999999999999,58.8,58.3,1.1,8.2,0.9914965986394558,0.7312925170068028,30,1,0,29,0.9666666666666667,1.7390831644216678,0.5113149780127676,G214-GE6510,6510,G214,12,yes,yes,change
X24_m_2018,24,12,Pfelling,PFE,PFE-2008,5416180,4555677,2305,2018,2018,2017,728,land,north,2008,2008,2009,NA,2018-06-15,2019-06-14,2021-07-01,1.497,12.5,2.155,3.71,h3,0.219,9.8,7.27,51.4,32.5,16.1,2,8,16,9,7,1.39,20,32,3,20.9,18.8,60,30,15,15,65,Jakob_Huber,0.21308699999999994,10,48,8.1,56.1,55.1,0.5,11,0.982174688057041,0.8556149732620321,24,1,0,22,0.9166666666666666,1.590019105787934,0.5003122006948046,G213,non-FFH,G213,8,yes,no,change
X24_m_2019,24,12,Pfelling,PFE,PFE-2008,5416180,4555677,2305,2019,2019,2018,728,land,north,2008,2008,2009,NA,2018-06-15,2019-06-14,2021-07-01,1.497,12.5,2.155,3.71,h3,0.219,9.8,7.27,51.4,32.5,16.1,2,8,16,9,7,1.39,20,32,3,20.9,18.8,70,60,20,45,35,Jakob_Huber_Linda_Weggler,0.21308699999999994,11,43.900000000000006,42.6,86.5,84,1,33.3,0.9710982658959537,0.507514450867052,31,1,0,29,0.9354838709677419,2.9572558453480027,0.8611726454558472,G214-GE6510,6510,G214,12,yes,yes,change
X24_m_2021,24,12,Pfelling,PFE,PFE-2008,5416180,4555677,2305,2021,2021,2020,728,land,north,2008,2008,2009,NA,2018-06-15,2019-06-14,2021-07-01,1.497,12.5,2.155,3.71,h3,0.219,9.8,7.27,51.4,32.5,16.1,2,8,16,9,7,1.39,20,32,3,20.9,18.8,60,30,4,40,30,Markus Bauer,0.21308699999999994,13,48.5,21,69.5,65,4.5,47.5,0.935251798561151,0.697841726618705,25,1,0,23,0.92,1.9666002091961863,0.6109587061429157,G214-GE6510,6510,G214,12,yes,yes,change
X27_m_2017,27,14,Irlbach,IRL,IRL-2011,5412036,4554294,2301,2017,2017,2016,1932.13,water,north,2011,2011,2012,NA,2018-06-16,2019-06-14,2021-07-03,1.09,9.1,3.238,5.57,h4,0.305,10.6,7.3,16.3,58.4,25.3,13,8,15,15,14,1.37,5,11,2,26.5,39.8,50,30,45,5,40,Jakob_Huber_Simon_Reith,0.58499,6,33.1,10.7,43.8,41.1,1.5,36.1,0.9383561643835617,0.7557077625570777,30,0,0,23,0.7666666666666667,2.2205326795080347,0.6528679257135223,G213,non-FFH,G213,8,yes,no,better
X27_m_2018,27,14,Irlbach,IRL,IRL-2011,5412036,4554294,2301,2018,2018,2017,1932.13,water,north,2011,2011,2012,NA,2018-06-16,2019-06-14,2021-07-03,1.09,9.1,3.238,5.57,h4,0.305,10.6,7.3,16.3,58.4,25.3,13,8,15,15,14,1.37,5,11,2,26.5,39.8,70,80,30,10,55,Jakob_Huber,0.58499,7,64.6,14.299999999999999,78.89999999999999,71.7,3.1,71.7,0.9087452471482891,0.8187579214195184,30,0,0,24,0.8,2.0594108918082794,0.6054958477010973,G214-GE6510,6510,G214,12,yes,yes,better
X27_m_2019,27,14,Irlbach,IRL,IRL-2011,5412036,4554294,2301,2019,2019,2018,1932.13,water,north,2011,2011,2012,NA,2018-06-16,2019-06-14,2021-07-03,1.09,9.1,3.238,5.57,h4,0.305,10.6,7.3,16.3,58.4,25.3,13,8,15,15,14,1.37,5,11,2,26.5,39.8,60,90,35,25,40,Jakob_Huber_Linda_Weggler,0.58499,8,72.1,26.6,98.69999999999999,88.7,2.6,84.4,0.8986828774062818,0.7304964539007093,33,0,0,28,0.8484848484848485,2.405095225520941,0.6878564348112586,G214-GE6510,6510,G214,12,yes,yes,better
X27_m_2021,27,14,Irlbach,IRL,IRL-2011,5412036,4554294,2301,2021,2021,2020,1932.13,water,north,2011,2011,2012,NA,2018-06-16,2019-06-14,2021-07-03,1.09,9.1,3.238,5.57,h4,0.305,10.6,7.3,16.3,58.4,25.3,13,8,15,15,14,1.37,5,11,2,26.5,39.8,80,40,10,2,30,Markus Bauer,0.58499,10,52.6,28,80.6,73.6,9,60.6,0.913151364764268,0.652605459057072,37,1,0,30,0.8108108108108109,2.668257300768318,0.7389415559475819,G214-GE6510,6510,G214,12,yes,yes,better
X28_m_2017,28,14,Irlbach,IRL,IRL-2011,5412027,4554292,2301,2017,2017,2016,1934.85,land,south,2011,2011,2012,NA,2018-06-16,2019-06-14,2021-07-03,1.237,10.3,2.916,5.02,h4,0.286,10.2,7.35,15,60.2,24.8,15,7,16,20,17,1.01,14,29,3,24,48,40,30,70,0,20,Jakob_Huber_Simon_Reith,0.491062,6,45,8,53,52.5,1,45,0.9905660377358491,0.8490566037735849,17,0,0,16,0.9411764705882353,1.3470476248892267,0.4754487083421342,G213,non-FFH,G213,8,yes,no,non-FFH
X28_m_2018,28,14,Irlbach,IRL,IRL-2011,5412027,4554292,2301,2018,2018,2017,1934.85,land,south,2011,2011,2012,NA,2018-06-16,2019-06-14,2021-07-03,1.237,10.3,2.916,5.02,h4,0.286,10.2,7.35,15,60.2,24.8,15,7,16,20,17,1.01,14,29,3,24,48,60,30,20,5,70,Jakob_Huber,0.491062,7,45.1,21.3,66.4,65.9,0,9.5,0.9924698795180723,0.6792168674698795,13,0,0,12,0.9230769230769231,1.641052319402499,0.6397991112879537,G213,non-FFH,G213,8,yes,no,non-FFH
X28_m_2019,28,14,Irlbach,IRL,IRL-2011,5412027,4554292,2301,2019,2019,2018,1934.85,land,south,2011,2011,2012,NA,2018-06-16,2019-06-14,2021-07-03,1.237,10.3,2.916,5.02,h4,0.286,10.2,7.35,15,60.2,24.8,15,7,16,20,17,1.01,14,29,3,24,48,60,60,60,5,35,Jakob_Huber_Linda_Weggler,0.491062,8,28.400000000000002,60.8,89.2,85.7,3.5,23.6,0.9607623318385651,0.3183856502242153,15,0,0,11,0.7333333333333333,1.957468308601938,0.7228330951195897,G213,non-FFH,G213,8,yes,no,non-FFH
X28_m_2021,28,14,Irlbach,IRL,IRL-2011,5412027,4554292,2301,2021,2021,2020,1934.85,land,south,2011,2011,2012,NA,2018-06-16,2019-06-14,2021-07-03,1.237,10.3,2.916,5.02,h4,0.286,10.2,7.35,15,60.2,24.8,15,7,16,20,17,1.01,14,29,3,24,48,50,40,10,0,50,Markus Bauer,0.491062,10,44.1,14.3,58.400000000000006,54.4,4.5,5.5,0.9315068493150683,0.7551369863013698,14,0,0,13,0.9285714285714286,1.7557403607353774,0.6652907237113119,G213,non-FFH,G213,8,yes,no,non-FFH
X34_o_2017,34,17,Irlbach,IRL,IRL-2003,5412659,4555704,2301,2017,2017,2016,516.36,land,south,2003,2003,2004,NA,2018-06-06,2019-06-14,2021-07-03,2.522,21,2.236,3.85,h3,0.234,9.6,7.33,47.1,36.3,16.6,4,7,15,32,21,1.2,33,51,4,17.3,55.5,70,30,10,10,70,Jakob_Huber_Simon_Reith_Jakob_Strak,0.58968,14,21.8,17,38.8,37.8,0,27.3,0.9742268041237113,0.5618556701030929,19,0,0,17,0.8947368421052632,2.022485315710817,0.6868830802815195,G213,non-FFH,G213,8,yes,no,better
X34_o_2018,34,17,Irlbach,IRL,IRL-2003,5412659,4555704,2301,2018,2018,2017,516.36,land,south,2003,2003,2004,NA,2018-06-06,2019-06-14,2021-07-03,2.522,21,2.236,3.85,h3,0.234,9.6,7.33,47.1,36.3,16.6,4,7,15,32,21,1.2,33,51,4,17.3,55.5,60,80,3,75,20,Jakob_Huber_Linda_Weggler_Laura_Baeumler,0.58968,15,64.30000000000001,21.6,85.9,84.4,2.1,61.6,0.9825378346915018,0.7485448195576252,32,2,2,29,0.90625,2.5000842427777097,0.7213718277720081,G214-GE6510,6510,G214,12,yes,yes,better
X34_o_2019,34,17,Irlbach,IRL,IRL-2003,5412659,4555704,2301,2019,2019,2018,516.36,land,south,2003,2003,2004,NA,2018-06-06,2019-06-14,2021-07-03,2.522,21,2.236,3.85,h3,0.234,9.6,7.33,47.1,36.3,16.6,4,7,15,32,21,1.2,33,51,4,17.3,55.5,80,70,15,30,35,Jakob_Huber_Linda_Weggler,0.58968,16,54.6,36.1,90.7,89.7,1.5,61.9,0.9889746416758545,0.6019845644983461,35,2,2,33,0.9428571428571428,2.880502371251476,0.8101885726610886,G214-GE6510,6510,G214,12,yes,yes,better
X34_o_2021,34,17,Irlbach,IRL,IRL-2003,5412659,4555704,2301,2021,2021,2020,516.36,land,south,2003,2003,2004,NA,2018-06-06,2019-06-14,2021-07-03,2.522,21,2.236,3.85,h3,0.234,9.6,7.33,47.1,36.3,16.6,4,7,15,32,21,1.2,33,51,4,17.3,55.5,40,10,30,4,20,Markus Bauer,0.58968,18,18.8,18,36.8,34.8,2,7.5,0.9456521739130435,0.5108695652173914,12,0,0,11,0.9166666666666666,1.7676402798761353,0.7113507785199663,G213,non-FFH,G213,8,yes,no,better
X39_m_2017,39,20,Natternberg,"NAT","NAT-2013",5411096,4567747,2287,2017,2017,2016,480.61,water,north,2013,2013,2014,NA,2018-06-08,2019-06-15,2021-07-03,3.467,28.9,3.063,5.27,h4,0.375,8.2,7.42,10.4,54.4,35.2,9,8,24,30,30,1.18,0,5,1,24,72,100,45,0,20,40,Jakob_Huber_Jakob_Strak,1.3275,4,40.6,66,106.6,55.5,13.3,81.1,0.5206378986866792,0.3808630393996248,31,0,0,19,0.6129032258064516,2.3171271927196484,0.6747629081707812,G213,non-FFH,G213,8,yes,no,change
X39_m_2018,39,20,Natternberg,"NAT","NAT-2013",5411096,4567747,2287,2018,2018,2017,480.61,water,north,2013,2013,2014,NA,2018-06-08,2019-06-15,2021-07-03,3.467,28.9,3.063,5.27,h4,0.375,8.2,7.42,10.4,54.4,35.2,9,8,24,30,30,1.18,0,5,1,24,72,100,65,5,3,95,Jakob_Huber,1.3275,5,84.5,62.6,147.1,73,6.5,114.6,0.4962610469068661,0.5744391570360299,32,0,1,22,0.6875,2.0245950304407607,0.5841746420450651,G213,non-FFH,G213,8,yes,no,change
X39_m_2019,39,20,Natternberg,"NAT","NAT-2013",5411096,4567747,2287,2019,2019,2018,480.61,water,north,2013,2013,2014,NA,2018-06-08,2019-06-15,2021-07-03,3.467,28.9,3.063,5.27,h4,0.375,8.2,7.42,10.4,54.4,35.2,9,8,24,30,30,1.18,0,5,1,24,72,95,50,10,5,85,Jakob_Huber_Linda_Weggler,1.3275,6,72.5,70.4,142.9,98,27.3,67.5,0.6857942617214835,0.5073477956613016,39,1,1,29,0.7435897435897436,3.0980291546103462,0.8456331444247009,G214-GE6510,6510,G214,12,yes,yes,change
X39_m_2021,39,20,Natternberg,"NAT","NAT-2013",5411096,4567747,2287,2021,2021,2020,480.61,water,north,2013,2013,2014,NA,2018-06-08,2019-06-15,2021-07-03,3.467,28.9,3.063,5.27,h4,0.375,8.2,7.42,10.4,54.4,35.2,9,8,24,30,30,1.18,0,5,1,24,72,100,50,0,50,50,Markus Bauer,1.3275,8,84.6,44.1,128.7,60.9,34.1,54,0.4731934731934732,0.6573426573426574,27,0,0,18,0.6666666666666666,2.409932369961813,0.7312049922190074,G213,non-FFH,G213,8,yes,no,change
X40_m_2017,40,20,Natternberg,"NAT","NAT-2013",5411081,4567737,2287,2017,2017,2016,498.6,land,south,2013,2013,2014,NA,2018-06-08,2019-06-15,2021-07-03,3.47,28.9,1.478,2.54,h3,0.184,8,7.47,50.1,34.8,15.1,1,5,14,25,17,1.34,31,46,4,17.9,44.8,70,50,60,2,20,Jakob_Huber_Jakob_Strak,0.41915199999999997,4,7,44.00000000000001,51.00000000000001,51,1.1,24.7,0.9999999999999999,0.1372549019607843,25,2,1,25,1,2.3832050958446396,0.7403842911343813,G214-GE00BK,non-FFH,G214,12,yes,yes,better
X40_m_2018,40,20,Natternberg,"NAT","NAT-2013",5411081,4567737,2287,2018,2018,2017,498.6,land,south,2013,2013,2014,NA,2018-06-08,2019-06-15,2021-07-03,3.47,28.9,1.478,2.54,h3,0.184,8,7.47,50.1,34.8,15.1,1,5,14,25,17,1.34,31,46,4,17.9,44.8,50,NA,70,5,20,Jakob_Huber,0.41915199999999997,5,56.2,40.300000000000004,96.5,94,1,51.8,0.9740932642487047,0.5823834196891192,29,2,1,27,0.9310344827586207,2.519380413912684,0.7481909939355711,G214-GE6510,6510,G214,12,yes,yes,better
X40_m_2019,40,20,Natternberg,"NAT","NAT-2013",5411081,4567737,2287,2019,2019,2018,498.6,land,south,2013,2013,2014,NA,2018-06-08,2019-06-15,2021-07-03,3.47,28.9,1.478,2.54,h3,0.184,8,7.47,50.1,34.8,15.1,1,5,14,25,17,1.34,31,46,4,17.9,44.8,60,60,60,5,35,Jakob_Huber_Linda_Weggler,0.41915199999999997,6,43.6,56.6,100.2,95.7,6.5,41.1,0.9550898203592815,0.4351297405189621,32,4,2,29,0.90625,2.978728081056225,0.8594792461393028,G214-GE6510,6510,G214,12,yes,yes,better
X40_m_2021,40,20,Natternberg,"NAT","NAT-2013",5411081,4567737,2287,2021,2021,2020,498.6,land,south,2013,2013,2014,NA,2018-06-08,2019-06-15,2021-07-03,3.47,28.9,1.478,2.54,h3,0.184,8,7.47,50.1,34.8,15.1,1,5,14,25,17,1.34,31,46,4,17.9,44.8,80,50,0.5,70,30,Markus Bauer,0.41915199999999997,8,56.900000000000006,45.1,102,100,12.8,55.9,0.9803921568627451,0.557843137254902,29,2,2,28,0.9655172413793104,2.4915600547738292,0.7399290649149283,G214-GE6510,6510,G214,12,yes,yes,better
X41_m_2017,41,21,Natternberg,"NAT","NAT-2013",5410515,4568793,2286,2017,2017,2016,440.79,water,north,2013,2013,2014,NA,2018-06-08,2019-06-15,2021-07-03,3.503,29.2,1.83,3.15,h3,0.213,8.6,7.37,23.2,49.2,27.6,9,6,22,30,28,1.42,8,20,2,17.6,52.7,100,40,5,0,10,Jakob_Huber_Simon_Reith_Jakob_Strak,0.8468879999999999,4,52.8,91.3,144.1,128.3,1,100.6,0.8903539208882721,0.366412213740458,26,1,1,18,0.6923076923076923,1.884957947857368,0.5785457631043772,G213,non-FFH,G213,8,yes,no,better
X41_m_2018,41,21,Natternberg,"NAT","NAT-2013",5410515,4568793,2286,2018,2018,2017,440.79,water,north,2013,2013,2014,NA,2018-06-08,2019-06-15,2021-07-03,3.503,29.2,1.83,3.15,h3,0.213,8.6,7.37,23.2,49.2,27.6,9,6,22,30,28,1.42,8,20,2,17.6,52.7,100,65,5,3,95,Jakob_Huber,0.8468879999999999,5,54.900000000000006,42.2,97.10000000000001,74.3,3,49.4,0.7651905252317198,0.5653964984552008,27,1,0,21,0.7777777777777778,2.3870100406438692,0.7242500577820571,G214-GE6510,6510,G214,12,yes,yes,better
X41_m_2019,41,21,Natternberg,"NAT","NAT-2013",5410515,4568793,2286,2019,2019,2018,440.79,water,north,2013,2013,2014,NA,2018-06-08,2019-06-15,2021-07-03,3.503,29.2,1.83,3.15,h3,0.213,8.6,7.37,23.2,49.2,27.6,9,6,22,30,28,1.42,8,20,2,17.6,52.7,95,60,10,10,80,Jakob_Huber_Linda_Weggler,0.8468879999999999,6,86.6,59.900000000000006,146.5,100.6,20.8,55.4,0.6866894197952218,0.5911262798634812,38,1,0,28,0.7368421052631579,2.8527242579986405,0.7842355157336586,G214-GE6510,6510,G214,12,yes,yes,better
X41_m_2021,41,21,Natternberg,"NAT","NAT-2013",5410515,4568793,2286,2021,2021,2020,440.79,water,north,2013,2013,2014,NA,2018-06-08,2019-06-15,2021-07-03,3.503,29.2,1.83,3.15,h3,0.213,8.6,7.37,23.2,49.2,27.6,9,6,22,30,28,1.42,8,20,2,17.6,52.7,100,50,0,20,40,Markus Bauer,0.8468879999999999,8,123.1,14.3,137.4,117.6,18.8,112.6,0.8558951965065501,0.8959243085880639,20,1,1,17,0.85,1.9418616665798258,0.6482093489202544,G213,non-FFH,G213,8,yes,no,better
X42_m_2017,42,21,Natternberg,"NAT","NAT-2013",5410497,4568788,2286,2017,2017,2016,458.52,land,south,2013,2013,2014,NA,2018-06-08,2019-06-15,2021-07-03,3.181,26.5,2.335,4.02,h4,0.289,8.1,7.35,16.8,49.5,33.7,4,5,23,25,24,1.38,4,4,2,24.9,62.2,85,60,5,0,75,Jakob_Huber_Simon_Reith_Jakob_Strak,0.9571679999999999,4,7.1,54.300000000000004,61.400000000000006,58.4,1.7,52.1,0.9511400651465797,0.11563517915309444,33,1,0,27,0.8181818181818182,2.281230599152258,0.6524311928544724,G214-GE6510,6510,G214,12,yes,yes,worse
X42_m_2018,42,21,Natternberg,"NAT","NAT-2013",5410497,4568788,2286,2018,2018,2017,458.52,land,south,2013,2013,2014,NA,2018-06-08,2019-06-15,2021-07-03,3.181,26.5,2.335,4.02,h4,0.289,8.1,7.35,16.8,49.5,33.7,4,5,23,25,24,1.38,4,4,2,24.9,62.2,60,NA,50,1,45,Jakob_Huber,0.9571679999999999,5,30.3,31.1,61.400000000000006,58.9,1,33.1,0.9592833876221497,0.4934853420195439,24,1,0,22,0.9166666666666666,2.1457620948082945,0.6751811672659327,G213,non-FFH,G213,8,yes,no,worse
X42_m_2019,42,21,Natternberg,"NAT","NAT-2013",5410497,4568788,2286,2019,2019,2018,458.52,land,south,2013,2013,2014,NA,2018-06-08,2019-06-15,2021-07-03,3.181,26.5,2.335,4.02,h4,0.289,8.1,7.35,16.8,49.5,33.7,4,5,23,25,24,1.38,4,4,2,24.9,62.2,70,60,70,0,30,Jakob_Huber_Linda_Weggler,0.9571679999999999,6,60.9,50.300000000000004,111.2,107.6,1.1,63.1,0.9676258992805755,0.547661870503597,28,1,0,23,0.8214285714285714,2.2558286844070228,0.676977861808492,G214-GE00BK,non-FFH,G214,12,yes,yes,worse
X42_m_2021,42,21,Natternberg,"NAT","NAT-2013",5410497,4568788,2286,2021,2021,2020,458.52,land,south,2013,2013,2014,NA,2018-06-08,2019-06-15,2021-07-03,3.181,26.5,2.335,4.02,h4,0.289,8.1,7.35,16.8,49.5,33.7,4,5,23,25,24,1.38,4,4,2,24.9,62.2,70,30,10,4,40,Markus Bauer,0.9571679999999999,8,58.900000000000006,11.5,70.4,68.9,1,45.6,0.9786931818181818,0.8366477272727273,22,0,0,19,0.8636363636363636,1.923465520300004,0.622270819415703,G213,non-FFH,G213,8,yes,no,worse
X43_m_2017,43,22,Deggendorf_West,DEG,DEG-2007,5411573,4568255,2287,2017,2017,2016,186.79,water,south,2007,2007,2008,NA,2018-06-07,2019-06-12,2021-07-01,3.819,31.8,2.238,3.85,h3,0.249,9,7.37,19.1,53.2,27.7,3,5,23,20,20,1.77,0,2,1,20,40,50,40,30,0,60,Jakob_Huber_Jakob_Strak,0.88146,10,88,12.5,100.5,99.9,7,90.3,0.9940298507462687,0.8756218905472637,19,2,1,17,0.8947368421052632,1.640266576453075,0.5570727014751817,G213,non-FFH,G213,8,yes,no,non-FFH
X43_m_2018,43,22,Deggendorf_West,DEG,DEG-2007,5411573,4568255,2287,2018,2018,2017,186.79,water,south,2007,2007,2008,NA,2018-06-07,2019-06-12,2021-07-01,3.819,31.8,2.238,3.85,h3,0.249,9,7.37,19.1,53.2,27.7,3,5,23,20,20,1.77,0,2,1,20,40,60,60,20,10,70,Jakob_Huber,0.88146,11,80.1,7.1,87.19999999999999,87.2,4.5,74.6,1.0000000000000002,0.9185779816513762,18,2,1,18,1,1.8535405984166715,0.6412810370683325,G213,non-FFH,G213,8,yes,no,non-FFH
X43_m_2019,43,22,Deggendorf_West,DEG,DEG-2007,5411573,4568255,2287,2019,2019,2018,186.79,water,south,2007,2007,2008,NA,2018-06-07,2019-06-12,2021-07-01,3.819,31.8,2.238,3.85,h3,0.249,9,7.37,19.1,53.2,27.7,3,5,23,20,20,1.77,0,2,1,20,40,70,60,45,15,40,Jakob_Huber_Linda_Weggler,0.88146,12,44.1,22.8,66.9,65.9,4,54.9,0.9850523168908819,0.6591928251121076,21,2,1,19,0.9047619047619048,2.107614292192931,0.6922643321915946,G213,non-FFH,G213,8,yes,no,non-FFH
X43_m_2021,43,22,Deggendorf_West,DEG,DEG-2007,5411573,4568255,2287,2021,2021,2020,186.79,water,south,2007,2007,2008,NA,2018-06-07,2019-06-12,2021-07-01,3.819,31.8,2.238,3.85,h3,0.249,9,7.37,19.1,53.2,27.7,3,5,23,20,20,1.77,0,2,1,20,40,70,20,20,10,20,Markus Bauer,0.88146,14,52.8,20.3,73.1,71.6,1.5,68.1,0.9794801641586868,0.7222982216142271,13,1,0,10,0.7692307692307693,1.4162181165698329,0.5521427206545032,G213,non-FFH,G213,8,yes,no,non-FFH
X44_m_2017,44,22,Deggendorf_West,DEG,DEG-2007,5411582,4568262,2287,2017,2017,2016,198.09,land,north,2007,2007,2008,NA,2018-06-07,2019-06-12,2021-07-01,4.351,36.2,1.614,2.78,h3,0.178,9.1,7.34,41.1,43.2,15.7,1,6,12,10,9,1.38,13,24,3,21.7,21.7,30,35,0,35,60,Jakob_Huber_Jakob_Strak,0.22107599999999997,10,47.5,7.7,55.2,53.7,0.5,48.1,0.9728260869565217,0.8605072463768115,29,3,0,26,0.896551724137931,1.6261810968530643,0.48293383740495305,G213,non-FFH,G213,8,yes,no,non-FFH
X44_m_2018,44,22,Deggendorf_West,DEG,DEG-2007,5411582,4568262,2287,2018,2018,2017,198.09,land,north,2007,2007,2008,NA,2018-06-07,2019-06-12,2021-07-01,4.351,36.2,1.614,2.78,h3,0.178,9.1,7.34,41.1,43.2,15.7,1,6,12,10,9,1.38,13,24,3,21.7,21.7,70,NA,0,65,35,Jakob_Huber,0.22107599999999997,11,121.9,5.6,127.5,127.5,1,101.6,1,0.9560784313725491,22,2,0,22,1,1.9416643774655886,0.628158430938415,G213,non-FFH,G213,8,yes,no,non-FFH
X44_m_2019,44,22,Deggendorf_West,DEG,DEG-2007,5411582,4568262,2287,2019,2019,2018,198.09,land,north,2007,2007,2008,NA,2018-06-07,2019-06-12,2021-07-01,4.351,36.2,1.614,2.78,h3,0.178,9.1,7.34,41.1,43.2,15.7,1,6,12,10,9,1.38,13,24,3,21.7,21.7,80,50,5,40,55,Jakob_Huber_Linda_Weggler,0.22107599999999997,12,66.8,5.7,72.5,68,2,67.5,0.9379310344827586,0.9213793103448276,20,1,0,17,0.85,1.5780147747515334,0.5267542726304623,G213,non-FFH,G213,8,yes,no,non-FFH
X44_m_2021,44,22,Deggendorf_West,DEG,DEG-2007,5411582,4568262,2287,2021,2021,2020,198.09,land,north,2007,2007,2008,NA,2018-06-07,2019-06-12,2021-07-01,4.351,36.2,1.614,2.78,h3,0.178,9.1,7.34,41.1,43.2,15.7,1,6,12,10,9,1.38,13,24,3,21.7,21.7,60,20,0,90,30,Markus Bauer,0.22107599999999997,14,42.5,13,55.5,53,2,46.5,0.954954954954955,0.7657657657657657,25,1,0,23,0.92,1.5924822887615095,0.49473243933748673,G214-GE6510,6510,G214,12,yes,yes,non-FFH
X45_m_2017,45,23,Deggendorf_West,DEG,DEG-2007,5411360,4568677,2286,2017,2017,2016,213.74,water,south,2007,2007,2008,NA,2018-06-07,2019-06-12,2021-07-01,4.335,36.1,2.093,3.6,h3,0.224,9.3,7.37,27,51.6,21.4,5,9,19,18,18,1.37,0,2,1,26,46.8,60,40,20,0,70,Jakob_Huber_Jakob_Strak,0.5523840000000001,10,65.3,6.6,71.89999999999999,68.4,2,66.3,0.9513212795549376,0.9082058414464534,25,1,0,21,0.84,1.6547891924283993,0.5140891672937262,G213,non-FFH,G213,8,yes,no,non-FFH
X45_m_2018,45,23,Deggendorf_West,DEG,DEG-2007,5411360,4568677,2286,2018,2018,2017,213.74,water,south,2007,2007,2008,NA,2018-06-07,2019-06-12,2021-07-01,4.335,36.1,2.093,3.6,h3,0.224,9.3,7.37,27,51.6,21.4,5,9,19,18,18,1.37,0,2,1,26,46.8,60,50,10,5,80,Jakob_Huber,0.5523840000000001,11,62.7,8.6,71.3,70.8,1,42.1,0.9929873772791024,0.8793828892005611,17,1,0,16,0.9411764705882353,2.030588543638891,0.7167086615269734,G213,non-FFH,G213,8,yes,no,non-FFH
X45_m_2019,45,23,Deggendorf_West,DEG,DEG-2007,5411360,4568677,2286,2019,2019,2018,213.74,water,south,2007,2007,2008,NA,2018-06-07,2019-06-12,2021-07-01,4.335,36.1,2.093,3.6,h3,0.224,9.3,7.37,27,51.6,21.4,5,9,19,18,18,1.37,0,2,1,26,46.8,70,50,45,5,50,Jakob_Huber_Linda_Weggler,0.5523840000000001,12,28.6,40.7,69.30000000000001,69.3,1.6,64.1,0.9999999999999998,0.4126984126984127,17,1,0,17,1,1.6315275891433962,0.5758576538424717,G213,non-FFH,G213,8,yes,no,non-FFH
X45_m_2021,45,23,Deggendorf_West,DEG,DEG-2007,5411360,4568677,2286,2021,2021,2020,213.74,water,south,2007,2007,2008,NA,2018-06-07,2019-06-12,2021-07-01,4.335,36.1,2.093,3.6,h3,0.224,9.3,7.37,27,51.6,21.4,5,9,19,18,18,1.37,0,2,1,26,46.8,70,30,10,4,30,Markus Bauer,0.5523840000000001,14,20.8,43,63.8,63.3,0.5,59.8,0.9921630094043887,0.3260188087774295,11,1,0,10,0.9090909090909091,1.155504479852176,0.4818827965341828,G213,non-FFH,G213,8,yes,no,non-FFH
X46_m_2017,46,23,Deggendorf_West,DEG,DEG-2007,5411372,4568682,2286,2017,2017,2016,226.63,land,north,2007,2007,2008,NA,2018-06-07,2019-06-12,2021-07-01,4.171,34.7,1.696,2.92,h3,0.191,8.9,7.38,43.2,41.9,14.9,3,7,14,25,22,1.27,12,22,3,22.1,55.3,50,35,0,40,50,Jakob_Huber_Jakob_Strak,0.5336540000000001,10,64.9,16.900000000000002,81.80000000000001,78.8,4.5,70.8,0.963325183374083,0.7933985330073349,29,1,0,26,0.896551724137931,2.4423155595689603,0.7253047201316941,G214-GE6510,6510,G214,12,yes,yes,worse
X46_m_2018,46,23,Deggendorf_West,DEG,DEG-2007,5411372,4568682,2286,2018,2018,2017,226.63,land,north,2007,2007,2008,NA,2018-06-07,2019-06-12,2021-07-01,4.171,34.7,1.696,2.92,h3,0.191,8.9,7.38,43.2,41.9,14.9,3,7,14,25,22,1.27,12,22,3,22.1,55.3,50,40,0,40,60,Jakob_Huber,0.5336540000000001,11,49.6,11.6,61.2,61.2,0.5,56.1,1,0.8104575163398693,20,1,0,20,1,2.037923893435777,0.6802757080218265,G213,non-FFH,G213,8,yes,no,worse
X46_m_2019,46,23,Deggendorf_West,DEG,DEG-2007,5411372,4568682,2286,2019,2019,2018,226.63,land,north,2007,2007,2008,NA,2018-06-07,2019-06-12,2021-07-01,4.171,34.7,1.696,2.92,h3,0.191,8.9,7.38,43.2,41.9,14.9,3,7,14,25,22,1.27,12,22,3,22.1,55.3,75,70,0,50,50,Jakob_Huber_Linda_Weggler,0.5336540000000001,12,73,11.5,84.5,84,2,78,0.9940828402366864,0.863905325443787,20,0,0,19,0.95,1.2633554358514538,0.42171840488024337,G213,non-FFH,G213,8,yes,no,worse
X46_m_2021,46,23,Deggendorf_West,DEG,DEG-2007,5411372,4568682,2286,2021,2021,2020,226.63,land,north,2007,2007,2008,NA,2018-06-07,2019-06-12,2021-07-01,4.171,34.7,1.696,2.92,h3,0.191,8.9,7.38,43.2,41.9,14.9,3,7,14,25,22,1.27,12,22,3,22.1,55.3,70,20,2,90,20,Markus Bauer,0.5336540000000001,14,66,10,76,74,1,71,0.9736842105263158,0.868421052631579,22,0,0,18,0.8181818181818182,0.9802649152426792,0.31713084826048044,G213,non-FFH,G213,8,yes,no,worse
X51_m_2017,51,26,Stoegermuehlbach,STO,STO-2002,5404855,4571060,2278,2017,2017,2016,1318.5,water,south,2002,2002,2003,NA,2018-06-18,2019-06-15,2021-07-02,5.933,49.4,2.413,4.15,h4,0.287,8.4,7.29,29,53.9,17.1,6,9,16,20,17,1.21,16,26,3,23.6,47.2,40,60,20,5,70,Jakob_Huber_Simon_Reith_Jakob_Strak,0.5903589999999999,15,24.5,19.7,44.2,40.7,4,23.6,0.9208144796380091,0.5542986425339366,42,3,0,35,0.8333333333333334,3.3600459647153342,0.8989681560615118,G214-GE6510,6510,G214,12,yes,yes,FFH6510
X51_m_2018,51,26,Stoegermuehlbach,STO,STO-2002,5404855,4571060,2278,2018,2018,2017,1318.5,water,south,2002,2002,2003,NA,2018-06-18,2019-06-15,2021-07-02,5.933,49.4,2.413,4.15,h4,0.287,8.4,7.29,29,53.9,17.1,6,9,16,20,17,1.21,16,26,3,23.6,47.2,40,NA,50,20,25,Jakob_Huber,0.5903589999999999,16,59.2,16.7,75.9,67.4,1.5,54.5,0.8880105401844532,0.7799736495388669,30,0,0,23,0.7666666666666667,2.5829439649283774,0.759421955001653,G214-GE6510,6510,G214,12,yes,yes,FFH6510
X51_m_2019,51,26,Stoegermuehlbach,STO,STO-2002,5404855,4571060,2278,2019,2019,2018,1318.5,water,south,2002,2002,2003,NA,2018-06-18,2019-06-15,2021-07-02,5.933,49.4,2.413,4.15,h4,0.287,8.4,7.29,29,53.9,17.1,6,9,16,20,17,1.21,16,26,3,23.6,47.2,60,60,50,30,20,Jakob_Huber_Linda_Weggler,0.5903589999999999,17,44.8,45.7,90.5,75.7,12,37.9,0.8364640883977901,0.49502762430939223,33,1,1,24,0.7272727272727273,3.0091071664529183,0.8606036490854492,G214-GE6510,6510,G214,12,yes,yes,FFH6510
X51_m_2021,51,26,Stoegermuehlbach,STO,STO-2002,5404855,4571060,2278,2021,2021,2020,1318.5,water,south,2002,2002,2003,NA,2018-06-18,2019-06-15,2021-07-02,5.933,49.4,2.413,4.15,h4,0.287,8.4,7.29,29,53.9,17.1,6,9,16,20,17,1.21,16,26,3,23.6,47.2,50,20,40,10,10,Markus Bauer,0.5903589999999999,19,24.3,29.6,53.900000000000006,50.4,9.8,26.1,0.9350649350649349,0.45083487940630795,25,0,0,18,0.72,2.6068790610151273,0.8098725153903282,G213,non-FFH,G213,8,yes,no,FFH6510
X53_m_2017,53,27,Stoegermuehlbach,STO,STO-2002,5404794,4570793,2278,2017,2017,2016,1133.91,water,south,2002,2002,2003,NA,2018-06-18,2019-06-15,2021-07-02,5.214,43.4,3.146,5.41,h4,0.367,8.6,7.45,14.9,58.3,26.8,1,6,23,22,22,1.15,0,3,1,28,61.6,NA,90,25,3,70,Jakob_Huber,0.9285099999999998,15,73.8,12.3,86.1,84.1,0.1,69.1,0.9767711962833914,0.8571428571428572,28,3,1,24,0.8571428571428571,1.2918683807261357,0.38769180486410504,G312-GT6210,6210,G312,13,yes,yes,change
X53_m_2018,53,27,Stoegermuehlbach,STO,STO-2002,5404794,4570793,2278,2018,2018,2017,1133.91,water,south,2002,2002,2003,NA,2018-06-18,2019-06-15,2021-07-02,5.214,43.4,3.146,5.41,h4,0.367,8.6,7.45,14.9,58.3,26.8,1,6,23,22,22,1.15,0,3,1,28,61.6,60,60,50,0,45,Jakob_Huber,0.9285099999999998,16,65.5,2.9,68.4,67.8,0.5,63.6,0.9912280701754385,0.9576023391812865,13,1,1,11,0.8461538461538461,0.4755606171963455,0.18540741001880653,G213,non-FFH,G213,8,yes,no,change
X53_m_2019,53,27,Stoegermuehlbach,STO,STO-2002,5404794,4570793,2278,2019,2019,2018,1133.91,water,south,2002,2002,2003,NA,2018-06-18,2019-06-15,2021-07-02,5.214,43.4,3.146,5.41,h4,0.367,8.6,7.45,14.9,58.3,26.8,1,6,23,22,22,1.15,0,3,1,28,61.6,50,70,60,5,35,Jakob_Huber_Linda_Weggler,0.9285099999999998,17,50,19.6,69.6,69.1,1.5,54.6,0.992816091954023,0.7183908045977012,29,4,1,28,0.9655172413793104,2.0144506660042714,0.598239883786024,G312-GT6210,6210,G312,13,yes,yes,change
X53_m_2021,53,27,Stoegermuehlbach,STO,STO-2002,5404794,4570793,2278,2021,2021,2020,1133.91,water,south,2002,2002,2003,NA,2018-06-18,2019-06-15,2021-07-02,5.214,43.4,3.146,5.41,h4,0.367,8.6,7.45,14.9,58.3,26.8,1,6,23,22,22,1.15,0,3,1,28,61.6,50,20,40,0,20,Markus Bauer,0.9285099999999998,19,40,6.5,46.5,45.5,0,41.5,0.978494623655914,0.8602150537634409,16,1,1,14,0.875,0.9911286763822578,0.3574741065748814,G213,non-FFH,G213,8,yes,no,change
X54_m_2017,54,27,Stoegermuehlbach,STO,STO-2002,5404803,4570789,2278,2017,2017,2016,1125.47,land,north,2002,2002,2003,NA,2018-06-18,2019-06-15,2021-07-02,5.165,43,3.18,5.47,h4,0.37,8.6,7.41,18.8,56.5,24.7,1,8,24,10,10,0.98,0,5,1,28,28,40,50,15,20,55,Jakob_Huber_Simon_Reith_Jakob_Strak,0.3626,15,49,12.1,61.1,55.6,1,42.5,0.9099836333878887,0.8019639934533551,29,3,0,25,0.8620689655172413,1.7954205812008914,0.5331935986177084,G213,non-FFH,G213,8,yes,no,better
X54_m_2018,54,27,Stoegermuehlbach,STO,STO-2002,5404803,4570789,2278,2018,2018,2017,1125.47,land,north,2002,2002,2003,NA,2018-06-18,2019-06-15,2021-07-02,5.165,43,3.18,5.47,h4,0.37,8.6,7.41,18.8,56.5,24.7,1,8,24,10,10,0.98,0,5,1,28,28,NA,NA,NA,NA,NA,Jakob_Huber,0.3626,16,74.8,15.6,90.39999999999999,89.3,0.6,72,0.9878318584070797,0.8274336283185841,29,1,1,26,0.896551724137931,1.459155496441509,0.433331542612747,G214-GE6510,6510,G214,12,yes,yes,better
X54_m_2019,54,27,Stoegermuehlbach,STO,STO-2002,5404803,4570789,2278,2019,2019,2018,1125.47,land,north,2002,2002,2003,NA,2018-06-18,2019-06-15,2021-07-02,5.165,43,3.18,5.47,h4,0.37,8.6,7.41,18.8,56.5,24.7,1,8,24,10,10,0.98,0,5,1,28,28,50,60,10,50,40,Jakob_Huber_Linda_Weggler,0.3626,17,31.3,24,55.3,55.3,0.5,37.3,1,0.5660036166365281,25,3,0,25,1,2.520262550751927,0.7829635835222445,G214-GE6510,6510,G214,12,yes,yes,better
X54_m_2021,54,27,Stoegermuehlbach,STO,STO-2002,5404803,4570789,2278,2021,2021,2020,1125.47,land,north,2002,2002,2003,NA,2018-06-18,2019-06-15,2021-07-02,5.165,43,3.18,5.47,h4,0.37,8.6,7.41,18.8,56.5,24.7,1,8,24,10,10,0.98,0,5,1,28,28,50,20,30,30,20,Markus Bauer,0.3626,19,28.1,18,46.1,44.6,0.5,27.8,0.9674620390455532,0.6095444685466378,33,4,0,30,0.9090909090909091,2.3770975724300176,0.6798491153363994,G214-GE6510,6510,G214,12,yes,yes,better
X55_m_2017,55,28,Hofkirchen,HOF,HOF-2012,5393648,4582311,2256,2017,2017,2016,182.38,water,south,2012,2012,2013,NA,2018-06-17,2019-06-16,2021-07-02,1.389,11.6,1.984,3.41,h3,0.203,9.8,7.29,43.9,34.9,21.2,54,20,24,21,21,1.37,0,3,1,24,50.4,40,75,80,0,15,Jakob_Huber_Simon_Reith_Jakob_Strak,0.5840310000000002,5,51.8,14.4,66.2,61.6,5.1,19.5,0.9305135951661632,0.782477341389728,26,1,0,19,0.7307692307692307,1.7754400228638656,0.5449316808586717,G213,non-FFH,G213,8,yes,no,change
X55_m_2018,55,28,Hofkirchen,HOF,HOF-2012,5393648,4582311,2256,2018,2018,2017,182.38,water,south,2012,2012,2013,NA,2018-06-17,2019-06-16,2021-07-02,1.389,11.6,1.984,3.41,h3,0.203,9.8,7.29,43.9,34.9,21.2,54,20,24,21,21,1.37,0,3,1,24,50.4,80,80,15,0,80,Jakob_Huber,0.5840310000000002,6,84.5,21,105.5,99.8,6.1,61.8,0.9459715639810427,0.8009478672985783,21,0,0,15,0.7142857142857143,2.037669281755995,0.6692902822814096,G213,non-FFH,G213,8,yes,no,change
X55_m_2019,55,28,Hofkirchen,HOF,HOF-2012,5393648,4582311,2256,2019,2019,2018,182.38,water,south,2012,2012,2013,NA,2018-06-17,2019-06-16,2021-07-02,1.389,11.6,1.984,3.41,h3,0.203,9.8,7.29,43.9,34.9,21.2,54,20,24,21,21,1.37,0,3,1,24,50.4,80,100,50,10,40,Jakob_Huber_Linda_Weggler,0.5840310000000002,7,81.7,46.300000000000004,128,117.4,8.6,92.4,0.9171875,0.63828125,35,0,0,25,0.7142857142857143,2.77349079112315,0.780089809255208,G214-GE6510,6510,G214,12,yes,yes,change
X55_m_2021,55,28,Hofkirchen,HOF,HOF-2012,5393648,4582311,2256,2021,2021,2020,182.38,water,south,2012,2012,2013,NA,2018-06-17,2019-06-16,2021-07-02,1.389,11.6,1.984,3.41,h3,0.203,9.8,7.29,43.9,34.9,21.2,54,20,24,21,21,1.37,0,3,1,24,50.4,80,40,4,20,50,Markus Bauer,0.5840310000000002,9,61.1,27.3,88.4,79.4,9.5,69.4,0.8981900452488688,0.6911764705882353,28,1,0,23,0.8214285714285714,2.2047517998445603,0.6616496055725694,G214-GE6510,6510,G214,12,yes,yes,change
X56_m_2017,56,28,Hofkirchen,HOF,HOF-2012,5393656,4582309,2256,2017,2017,2016,180.62,land,north,2012,2012,2013,NA,2018-06-17,2019-06-16,2021-07-02,1.889,15.7,1.706,2.93,h3,0.179,9.5,7.3,43,36.5,20.5,39,10,21,15,15,1.3,0,2,1,24,36,70,70,10,40,40,Jakob_Huber_Simon_Reith_Jakob_Strak,0.34905,5,21.3,24.1,45.400000000000006,34.6,1,27.4,0.7621145374449338,0.46916299559471364,40,5,1,35,0.875,3.1623989345970744,0.8572790122133926,G214-GE6510,6510,G214,12,yes,yes,any-FFH
X56_m_2018,56,28,Hofkirchen,HOF,HOF-2012,5393656,4582309,2256,2018,2018,2017,180.62,land,north,2012,2012,2013,NA,2018-06-17,2019-06-16,2021-07-02,1.889,15.7,1.706,2.93,h3,0.179,9.5,7.3,43,36.5,20.5,39,10,21,15,15,1.3,0,2,1,24,36,80,70,5,25,65,Jakob_Huber,0.34905,6,34.6,46.400000000000006,81,76.5,0,46.1,0.9444444444444444,0.42716049382716054,33,3,0,31,0.9393939393939394,2.9135944995502023,0.8332870581089787,G312-GT6210,6210,G312,13,yes,yes,any-FFH
X56_m_2019,56,28,Hofkirchen,HOF,HOF-2012,5393656,4582309,2256,2019,2019,2018,180.62,land,north,2012,2012,2013,NA,2018-06-17,2019-06-16,2021-07-02,1.889,15.7,1.706,2.93,h3,0.179,9.5,7.3,43,36.5,20.5,39,10,21,15,15,1.3,0,2,1,24,36,90,80,30,30,40,Jakob_Huber_Linda_Weggler,0.34905,7,39.1,107.4,146.5,146.5,0.5,102.9,1,0.2668941979522184,33,5,1,33,1,2.6541766662016784,0.7590936440270367,G214-GE6510,6510,G214,12,yes,yes,any-FFH
X56_m_2021,56,28,Hofkirchen,HOF,HOF-2012,5393656,4582309,2256,2021,2021,2020,180.62,land,north,2012,2012,2013,NA,2018-06-17,2019-06-16,2021-07-02,1.889,15.7,1.706,2.93,h3,0.179,9.5,7.3,43,36.5,20.5,39,10,21,15,15,1.3,0,2,1,24,36,100,50,0,50,30,Markus Bauer,0.34905,9,24.3,88.3,112.6,111.6,0.5,57.8,0.9911190053285968,0.2158081705150977,38,4,0,36,0.9473684210526315,2.742888860339595,0.7540409326128268,G214-GE6510,6510,G214,12,yes,yes,any-FFH
X61_o_2017,61,31,Muehlheim-Ruckasing,MUE,MUE-2007,5398153,4575179,2269,2017,2017,2016,70.13,water,north,2007,2007,2008,NA,2018-06-17,2019-06-16,2021-07-02,2.775,23.1,1.499,2.58,h3,0.177,8.5,7.37,28,54.2,17.8,3,7,12,16,13,1.45,20,34,3,17.6,28.2,70,10,40,10,40,Jakob_Huber_Simon_Reith_Jakob_Strak,0.3336449999999999,10,70,10.6,80.6,79.6,1.6,11.5,0.9875930521091811,0.8684863523573202,29,0,0,27,0.9310344827586207,1.237404751203176,0.3674772914763912,G213,non-FFH,G213,8,yes,no,better
X61_o_2018,61,31,Muehlheim-Ruckasing,MUE,MUE-2007,5398153,4575179,2269,2018,2018,2017,70.13,water,north,2007,2007,2008,NA,2018-06-17,2019-06-16,2021-07-02,2.775,23.1,1.499,2.58,h3,0.177,8.5,7.37,28,54.2,17.8,3,7,12,16,13,1.45,20,34,3,17.6,28.2,60,60,20,15,60,Jakob_Huber,0.3336449999999999,11,83.8,19.7,103.5,103.5,1.6,28.4,1,0.8096618357487922,29,0,0,29,1,1.573844221265104,0.4673911354178305,G214-GE6510,6510,G214,12,yes,yes,better
X61_o_2019,61,31,Muehlheim-Ruckasing,MUE,MUE-2007,5398153,4575179,2269,2019,2019,2018,70.13,water,north,2007,2007,2008,NA,2018-06-17,2019-06-16,2021-07-02,2.775,23.1,1.499,2.58,h3,0.177,8.5,7.37,28,54.2,17.8,3,7,12,16,13,1.45,20,34,3,17.6,28.2,70,40,20,60,20,Jakob_Huber_Linda_Weggler,0.3336449999999999,12,50.8,45.7,96.5,95.5,2.5,34.7,0.9896373056994818,0.5264248704663212,36,1,0,34,0.9444444444444444,2.4572139594001188,0.6856986112256357,G214-GE6510,6510,G214,12,yes,yes,better
X61_o_2021,61,31,Muehlheim-Ruckasing,MUE,MUE-2007,5398153,4575179,2269,2021,2021,2020,70.13,water,north,2007,2007,2008,NA,2018-06-17,2019-06-16,2021-07-02,2.775,23.1,1.499,2.58,h3,0.177,8.5,7.37,28,54.2,17.8,3,7,12,16,13,1.45,20,34,3,17.6,28.2,90,10,0.5,70,20,Markus Bauer,0.3336449999999999,14,66.5,37.3,103.8,101.3,1,27.8,0.9759152215799615,0.6406551059730251,33,0,0,31,0.9393939393939394,1.8113033147720912,0.51803214577131,G214-GE6510,6510,G214,12,yes,yes,better
X62_m_2017,62,31,Muehlheim-Ruckasing,MUE,MUE-2007,5398141,4575175,2269,2017,2017,2016,81.46,land,south,2007,2007,2008,NA,2018-06-17,2019-06-16,2021-07-02,3.644,30.4,1.555,2.67,h3,0.157,9.9,7.41,45.5,43.8,10.7,1,13,10,12,7,1.16,45,65,4,13.7,16.4,55,35,5.5,0,5,Jakob_Huber,0.127484,10,6,52.2,58.2,58.2,6,7.2,1,0.10309278350515463,19,2,0,19,1,1.5519257453440238,0.5270700993719925,G213,non-FFH,G213,8,yes,no,non-FFH
X62_m_2018,62,31,Muehlheim-Ruckasing,MUE,MUE-2007,5398141,4575175,2269,2018,2018,2017,81.46,land,south,2007,2007,2008,NA,2018-06-17,2019-06-16,2021-07-02,3.644,30.4,1.555,2.67,h3,0.157,9.9,7.41,45.5,43.8,10.7,1,13,10,12,7,1.16,45,65,4,13.7,16.4,50,50,85,0,10,Jakob_Huber,0.127484,11,13.3,61.9,75.2,75.2,19.8,10.8,1,0.1768617021276596,18,1,0,18,1,1.54634064028864,0.5349971456316006,G213,non-FFH,G213,8,yes,no,non-FFH
X62_m_2019,62,31,Muehlheim-Ruckasing,MUE,MUE-2007,5398141,4575175,2269,2019,2019,2018,81.46,land,south,2007,2007,2008,NA,2018-06-17,2019-06-16,2021-07-02,3.644,30.4,1.555,2.67,h3,0.157,9.9,7.41,45.5,43.8,10.7,1,13,10,12,7,1.16,45,65,4,13.7,16.4,65,50,90,0,10,Jakob_Huber_Linda_Weggler,0.127484,12,11.3,63.8,75.1,75.1,10.3,12.8,1,0.1504660452729694,21,2,0,21,1,1.8886450401089137,0.6203419678263793,G214-GE00BK,non-FFH,G214,12,yes,yes,non-FFH
X62_m_2021,62,31,Muehlheim-Ruckasing,MUE,MUE-2007,5398141,4575175,2269,2021,2021,2020,81.46,land,south,2007,2007,2008,NA,2018-06-17,2019-06-16,2021-07-02,3.644,30.4,1.555,2.67,h3,0.157,9.9,7.41,45.5,43.8,10.7,1,13,10,12,7,1.16,45,65,4,13.7,16.4,40,20,60,20,4,Markus Bauer,0.127484,14,19.8,23.6,43.400000000000006,42.9,9.8,20.3,0.9884792626728109,0.456221198156682,14,1,0,13,0.9285714285714286,1.6655585676188849,0.6311187517331056,G213,non-FFH,G213,8,yes,no,non-FFH
X63_m_2017,63,32,Parkstetten-Reibersdorf,PAR,PAR-2008,5418240,4543373,2319,2017,2017,2016,109.78,water,south,2008,2008,2009,NA,2018-06-12,2019-06-13,2021-06-30,4.394,36.6,1.8,3.1,h3,0.218,8.3,7.42,45.4,38.6,16,4,7,12,20,18,1.08,9,21,2,23.7,47.3,80,40,15,3,50,Jakob_Huber_Jakob_Strak,0.42379200000000006,9,34.6,31.2,65.8,62.2,22.9,17,0.9452887537993921,0.5258358662613982,33,1,1,28,0.8484848484848485,2.2648818766897345,0.6477554636660972,G214-GE6510,6510,G214,12,yes,yes,FFH6510
X63_m_2018,63,32,Parkstetten-Reibersdorf,PAR,PAR-2008,5418240,4543373,2319,2018,2018,2017,109.78,water,south,2008,2008,2009,NA,2018-06-12,2019-06-13,2021-06-30,4.394,36.6,1.8,3.1,h3,0.218,8.3,7.42,45.4,38.6,16,4,7,12,20,18,1.08,9,21,2,23.7,47.3,65,70,60,3,35,Jakob_Huber,0.42379200000000006,10,51.5,47.800000000000004,99.30000000000001,79.4,14.8,54.6,0.7995971802618328,0.5186304128902316,35,1,1,31,0.8857142857142857,2.3323265353783245,0.6560051210292085,G214-GE6510,6510,G214,12,yes,yes,FFH6510
X63_m_2019,63,32,Parkstetten-Reibersdorf,PAR,PAR-2008,5418240,4543373,2319,2019,2019,2018,109.78,water,south,2008,2008,2009,NA,2018-06-12,2019-06-13,2021-06-30,4.394,36.6,1.8,3.1,h3,0.218,8.3,7.42,45.4,38.6,16,4,7,12,20,18,1.08,9,21,2,23.7,47.3,80,65,80,5,15,Jakob_Huber_Linda_Weggler,0.42379200000000006,11,48.400000000000006,45.1,93.5,82.6,13.8,49.4,0.883422459893048,0.5176470588235295,38,1,2,32,0.8421052631578947,2.8294849141857803,0.7778468440177402,G214-GE6510,6510,G214,12,yes,yes,FFH6510
X63_m_2021,63,32,Parkstetten-Reibersdorf,PAR,PAR-2008,5418240,4543373,2319,2021,2021,2020,109.78,water,south,2008,2008,2009,NA,2018-06-12,2019-06-13,2021-06-30,4.394,36.6,1.8,3.1,h3,0.218,8.3,7.42,45.4,38.6,16,4,7,12,20,18,1.08,9,21,2,23.7,47.3,80,50,4,5,30,Markus Bauer,0.42379200000000006,13,44,42.6,86.6,81.6,20.8,47.5,0.9422632794457275,0.5080831408775982,22,2,2,19,0.8636363636363636,1.8858918233172546,0.6101151478098579,G213,non-FFH,G213,8,yes,no,FFH6510
X64_m_2017,64,32,Parkstetten-Reibersdorf,PAR,PAR-2008,5418247,4543362,2319,2017,2017,2016,122.78,land,north,2008,2008,2009,NA,2018-06-12,2019-06-13,2021-06-30,1.016,8.5,0.463,0.8,h1,0.043,10.8,7.48,90.8,6.3,2.9,1,4,5,15,8,1.03,49,71,4,4.5,6.8,20,35,10,80,5,Jakob_Huber_Simon_Reith_Jakob_Strak,0.035432,9,14.5,14.2,28.7,26.7,3.6,13,0.9303135888501742,0.5052264808362369,37,0,0,33,0.8918918918918919,3.2884128679446345,0.9106861323071662,G214-GE6510,6510,G214,12,yes,yes,FFH6510
X64_m_2018,64,32,Parkstetten-Reibersdorf,PAR,PAR-2008,5418247,4543362,2319,2018,2018,2017,122.78,land,north,2008,2008,2009,NA,2018-06-12,2019-06-13,2021-06-30,1.016,8.5,0.463,0.8,h1,0.043,10.8,7.48,90.8,6.3,2.9,1,4,5,15,8,1.03,49,71,4,4.5,6.8,50,30,5,90,5,Jakob_Huber,0.035432,10,30.1,25.900000000000002,56,55,2,26.4,0.9821428571428571,0.5375,32,1,0,30,0.9375,2.824747743306548,0.8150499122061295,G214-GE6510,6510,G214,12,yes,yes,FFH6510
X64_m_2019,64,32,Parkstetten-Reibersdorf,PAR,PAR-2008,5418247,4543362,2319,2019,2019,2018,122.78,land,north,2008,2008,2009,NA,2018-06-12,2019-06-13,2021-06-30,1.016,8.5,0.463,0.8,h1,0.043,10.8,7.48,90.8,6.3,2.9,1,4,5,15,8,1.03,49,71,4,4.5,6.8,70,60,10,85,5,Jakob_Huber_Linda_Weggler,0.035432,11,27.6,36.3,63.9,60.9,1.5,32.5,0.9530516431924883,0.431924882629108,37,1,0,34,0.918918918918919,3.199736659444242,0.8861283299295829,G214-GE6510,6510,G214,12,yes,yes,FFH6510
X64_m_2021,64,32,Parkstetten-Reibersdorf,PAR,PAR-2008,5418247,4543362,2319,2021,2021,2020,122.78,land,north,2008,2008,2009,NA,2018-06-12,2019-06-13,2021-06-30,1.016,8.5,0.463,0.8,h1,0.043,10.8,7.48,90.8,6.3,2.9,1,4,5,15,8,1.03,49,71,4,4.5,6.8,50,40,2,50,20,Markus Bauer,0.035432,13,22.6,37.3,59.9,58.9,1.5,19.8,0.9833055091819699,0.3772954924874792,38,1,1,36,0.9473684210526315,2.619662555257687,0.7201650875686019,G214-GE6510,6510,G214,12,yes,yes,FFH6510
X65_m_2017,65,33,Stoegermuehlbach,STO,STO-2002,5405220,4572285,2278,2017,2017,2016,1726.1,land,south,2002,2002,2003,NA,2018-06-17,2019-06-16,2021-07-02,3.736,31.1,2.146,3.69,h3,0.24,8.9,7.31,49.4,36.5,14.1,3,16,14,25,18,0.98,28,54,4,18.7,46.8,100,100,0,5,85,Jakob_Huber_Simon_Reith_Jakob_Strak,0.42335999999999996,15,51,33.8,84.8,64.5,0.5,56,0.7606132075471699,0.6014150943396227,29,0,0,25,0.8620689655172413,2.0277287484529563,0.6021831317568261,G214-GE6510,6510,G214,12,yes,yes,FFH6510
X65_m_2018,65,33,Stoegermuehlbach,STO,STO-2002,5405220,4572285,2278,2018,2018,2017,1726.1,land,south,2002,2002,2003,NA,2018-06-17,2019-06-16,2021-07-02,3.736,31.1,2.146,3.69,h3,0.24,8.9,7.31,49.4,36.5,14.1,3,16,14,25,18,0.98,28,54,4,18.7,46.8,90,100,5,10,80,Jakob_Huber,0.42335999999999996,16,74.5,12.6,87.1,86.1,0,74.1,0.9885189437428243,0.8553386911595867,26,0,0,24,0.9230769230769231,1.4109277924286385,0.4330527889408216,G214-GE6510,6510,G214,12,yes,yes,FFH6510
X65_m_2019,65,33,Stoegermuehlbach,STO,STO-2002,5405220,4572285,2278,2019,2019,2018,1726.1,land,south,2002,2002,2003,NA,2018-06-17,2019-06-16,2021-07-02,3.736,31.1,2.146,3.69,h3,0.24,8.9,7.31,49.4,36.5,14.1,3,16,14,25,18,0.98,28,54,4,18.7,46.8,90,140,40,5,55,Jakob_Huber_Linda_Weggler,0.42335999999999996,17,69.3,60.900000000000006,130.2,104,2,93.6,0.7987711213517665,0.532258064516129,36,0,1,29,0.8055555555555556,2.777031783870976,0.7749454744244791,G214-GE6510,6510,G214,12,yes,yes,FFH6510
X65_m_2021,65,33,Stoegermuehlbach,STO,STO-2002,5405220,4572285,2278,2021,2021,2020,1726.1,land,south,2002,2002,2003,NA,2018-06-17,2019-06-16,2021-07-02,3.736,31.1,2.146,3.69,h3,0.24,8.9,7.31,49.4,36.5,14.1,3,16,14,25,18,0.98,28,54,4,18.7,46.8,90,40,4,2,50,Markus Bauer,0.42335999999999996,19,49.3,52.5,101.8,59.8,39.5,53.8,0.587426326129666,0.4842829076620825,27,0,2,20,0.7407407407407407,1.7784414325921778,0.5396023847346095,G213,non-FFH,G213,8,yes,no,FFH6510
X66_m_2017,66,33,Stoegermuehlbach,STO,STO-2002,5405229,4572279,2278,2017,2017,2016,1723.05,water,north,2002,2002,2003,NA,2018-06-17,2019-06-16,2021-07-02,3.152,26.3,2.228,3.83,h3,0.244,9.1,7.35,55.7,31.8,12.5,4,14,14,30,20,1.08,34,57,4,17.1,51.2,100,90,5,0,85,Jakob_Huber_Simon_Reith_Jakob_Strak,0.52704,15,99.3,6.6,105.89999999999999,102.4,3,79.5,0.966949952785647,0.9376770538243626,22,0,1,18,0.8181818181818182,1.603201278154073,0.5186603879905458,G213,non-FFH,G213,8,yes,no,better
X66_m_2018,66,33,Stoegermuehlbach,STO,STO-2002,5405229,4572279,2278,2018,2018,2017,1723.05,water,north,2002,2002,2003,NA,2018-06-17,2019-06-16,2021-07-02,3.152,26.3,2.228,3.83,h3,0.244,9.1,7.35,55.7,31.8,12.5,4,14,14,30,20,1.08,34,57,4,17.1,51.2,50,80,70,5,20,Jakob_Huber,0.52704,16,33.6,17.3,50.900000000000006,45.3,7.5,34.2,0.8899803536345774,0.6601178781925343,28,0,2,22,0.7857142857142857,2.3067890115455403,0.6922711389716749,G214-GE6510,6510,G214,12,yes,yes,better
X66_m_2019,66,33,Stoegermuehlbach,STO,STO-2002,5405229,4572279,2278,2019,2019,2018,1723.05,water,north,2002,2002,2003,NA,2018-06-17,2019-06-16,2021-07-02,3.152,26.3,2.228,3.83,h3,0.244,9.1,7.35,55.7,31.8,12.5,4,14,14,30,20,1.08,34,57,4,17.1,51.2,80,100,70,5,25,Jakob_Huber_Linda_Weggler,0.52704,17,35.6,78.3,113.9,96,27.6,48.4,0.8428446005267778,0.3125548726953468,36,1,2,26,0.7222222222222222,3.0174113610122664,0.8420246726287038,G214-GE6510,6510,G214,12,yes,yes,better
X66_m_2021,66,33,Stoegermuehlbach,STO,STO-2002,5405229,4572279,2278,2021,2021,2020,1723.05,water,north,2002,2002,2003,NA,2018-06-17,2019-06-16,2021-07-02,3.152,26.3,2.228,3.83,h3,0.244,9.1,7.35,55.7,31.8,12.5,4,14,14,30,20,1.08,34,57,4,17.1,51.2,100,40,0.5,2,40,Markus Bauer,0.52704,19,53.900000000000006,32.6,86.5,60.4,17.6,54.4,0.6982658959537572,0.6231213872832371,28,0,1,22,0.7857142857142857,2.4449841599686857,0.7337437280643171,G214-GE6510,6510,G214,12,yes,yes,better
X67_o_2017,67,34,Pfelling,PFE,PFE-2008,5415826,4555183,2305,2017,2017,2016,120.35,water,south,2008,2008,2009,NA,2018-06-12,2019-06-14,2021-06-28,2.387,19.9,2.626,4.52,h4,0.306,8.6,7.3,37.3,42,20.7,5,7,18,24,23,0.96,3,7,2,25.1,60.2,60,50,50,5,30,Jakob_Huber_Simon_Reith_Jakob_Strak,0.6756479999999999,9,29.3,35.2,64.5,61.5,10.5,35.4,0.9534883720930233,0.4542635658914729,43,3,2,37,0.8604651162790697,2.9908980743227422,0.7951978045101232,G214-GE6510,6510,G214,12,yes,yes,FFH6510
X67_o_2018,67,34,Pfelling,PFE,PFE-2008,5415826,4555183,2305,2018,2018,2017,120.35,water,south,2008,2008,2009,NA,2018-06-12,2019-06-14,2021-06-28,2.387,19.9,2.626,4.52,h4,0.306,8.6,7.3,37.3,42,20.7,5,7,18,24,23,0.96,3,7,2,25.1,60.2,65,60,50,5,40,Jakob_Huber,0.6756479999999999,10,38.1,32.2,70.30000000000001,68.8,6.5,36.9,0.9786628733997154,0.5419630156472262,30,3,2,27,0.9,2.7144418881324928,0.7980841990434417,G214-GE6510,6510,G214,12,yes,yes,FFH6510
X67_o_2019,67,34,Pfelling,PFE,PFE-2008,5415826,4555183,2305,2019,2019,2018,120.35,water,south,2008,2008,2009,NA,2018-06-12,2019-06-14,2021-06-28,2.387,19.9,2.626,4.52,h4,0.306,8.6,7.3,37.3,42,20.7,5,7,18,24,23,0.96,3,7,2,25.1,60.2,80,70,65,15,20,Jakob_Huber_Linda_Weggler,0.6756479999999999,11,27.3,102.5,129.8,124.7,14.3,32.8,0.960708782742681,0.21032357473035437,39,2,1,34,0.8717948717948718,2.873123863044465,0.7842433512971629,G214-GE6510,6510,G214,12,yes,yes,FFH6510
X67_o_2021,67,34,Pfelling,PFE,PFE-2008,5415826,4555183,2305,2021,2021,2020,120.35,water,south,2008,2008,2009,NA,2018-06-12,2019-06-14,2021-06-28,2.387,19.9,2.626,4.52,h4,0.306,8.6,7.3,37.3,42,20.7,5,7,18,24,23,0.96,3,7,2,25.1,60.2,70,50,50,20,20,Markus Bauer,0.6756479999999999,13,8.5,58.6,67.1,66.6,19.3,10.5,0.992548435171386,0.12667660208643816,28,1,1,27,0.9642857142857143,2.329748427458579,0.6991612970765961,G214-GE6510,6510,G214,12,yes,yes,FFH6510
X68_m_2017,68,34,Pfelling,PFE,PFE-2008,5415833,4555191,2305,2017,2017,2016,130.96,land,north,2008,2008,2009,NA,2018-06-12,2019-06-14,2021-06-28,1.708,14.2,1.903,3.27,h3,0.201,9.5,7.34,51.5,32.7,15.8,3,6,15,13,11,1.44,14,24,3,19,24.7,30,30,10,60,20,Jakob_Huber_Simon_Reith_Jakob_Strak,0.31838400000000006,9,42.5,12.8,55.3,53.2,2.1,9.1,0.9620253164556963,0.7685352622061483,23,2,2,21,0.9130434782608695,1.4860556186122833,0.473946215898828,G214-GE00BK,non-FFH,G214,12,yes,yes,non-FFH
X68_m_2018,68,34,Pfelling,PFE,PFE-2008,5415833,4555191,2305,2018,2018,2017,130.96,land,north,2008,2008,2009,NA,2018-06-12,2019-06-14,2021-06-28,1.708,14.2,1.903,3.27,h3,0.201,9.5,7.34,51.5,32.7,15.8,3,6,15,13,11,1.44,14,24,3,19,24.7,50,40,40,50,5,Jakob_Huber,0.31838400000000006,10,46.1,9.2,55.3,54.8,0.6,9.1,0.9909584086799277,0.8336347197106692,23,2,2,22,0.9565217391304348,1.4860556186122833,0.473946215898828,G213,non-FFH,G213,8,yes,no,non-FFH
X68_m_2019,68,34,Pfelling,PFE,PFE-2008,5415833,4555191,2305,2019,2019,2018,130.96,land,north,2008,2008,2009,NA,2018-06-12,2019-06-14,2021-06-28,1.708,14.2,1.903,3.27,h3,0.201,9.5,7.34,51.5,32.7,15.8,3,6,15,13,11,1.44,14,24,3,19,24.7,60,50,20,70,10,Jakob_Huber_Linda_Weggler,0.31838400000000006,11,50.5,47.6,98.1,95.6,1.5,19.5,0.9745158002038736,0.5147808358817534,33,3,2,31,0.9393939393939394,2.3450365634578807,0.670679677430568,G214-GE00BK,non-FFH,G214,12,yes,yes,non-FFH
X68_m_2021,68,34,Pfelling,PFE,PFE-2008,5415833,4555191,2305,2021,2021,2020,130.96,land,north,2008,2008,2009,NA,2018-06-12,2019-06-14,2021-06-28,1.708,14.2,1.903,3.27,h3,0.201,9.5,7.34,51.5,32.7,15.8,3,6,15,13,11,1.44,14,24,3,19,24.7,40,30,10,50,30,Markus Bauer,0.31838400000000006,13,10.8,18.3,29.1,29.1,9.3,4.5,1,0.3711340206185567,19,0,0,19,1,2.138792635821384,0.726383752882822,G213,non-FFH,G213,8,yes,no,non-FFH
X70_m_2017,70,35,Irlbach,IRL,IRL-2011,5412675,4554990,2301,2017,2017,2016,1227.96,land,south,2011,2011,2012,NA,2018-06-16,2019-06-15,2021-07-03,1.112,9.3,1.649,2.84,h3,0.17,9.7,7.45,46.6,35.7,17.7,3,8,13,15,12,1.46,31,44,4,13.2,19.7,40,40,40,10,40,Jakob_Huber,0.29784,6,38.5,3.1,41.6,41.6,0.5,2.1,1,0.9254807692307692,10,0,0,10,1,0.5331497404625418,0.23154399031103276,G213,non-FFH,G213,8,yes,no,non-FFH
X70_m_2018,70,35,Irlbach,IRL,IRL-2011,5412675,4554990,2301,2018,2018,2017,1227.96,land,south,2011,2011,2012,NA,2018-06-16,2019-06-15,2021-07-03,1.112,9.3,1.649,2.84,h3,0.17,9.7,7.45,46.6,35.7,17.7,3,8,13,15,12,1.46,31,44,4,13.2,19.7,50,30,45,5,45,Jakob_Huber,0.29784,7,38,10.799999999999999,48.8,47.7,0.5,5.5,0.9774590163934428,0.778688524590164,12,0,0,9,0.75,0.9321376324083891,0.3751197786395374,G213,non-FFH,G213,8,yes,no,non-FFH
X70_m_2019,70,35,Irlbach,IRL,IRL-2011,5412675,4554990,2301,2019,2019,2018,1227.96,land,south,2011,2011,2012,NA,2018-06-16,2019-06-15,2021-07-03,1.112,9.3,1.649,2.84,h3,0.17,9.7,7.45,46.6,35.7,17.7,3,8,13,15,12,1.46,31,44,4,13.2,19.7,50,40,50,5,45,Jakob_Huber_Linda_Weggler,0.29784,8,13.8,51.5,65.3,63.8,5.1,27.3,0.9770290964777948,0.21133231240428793,15,1,0,12,0.8,2.161414438327165,0.7981441545830437,G213,non-FFH,G213,8,yes,no,non-FFH
X70_m_2021,70,35,Irlbach,IRL,IRL-2011,5412675,4554990,2301,2021,2021,2020,1227.96,land,south,2011,2011,2012,NA,2018-06-16,2019-06-15,2021-07-03,1.112,9.3,1.649,2.84,h3,0.17,9.7,7.45,46.6,35.7,17.7,3,8,13,15,12,1.46,31,44,4,13.2,19.7,30,20,40,10,30,Markus Bauer,0.29784,10,9.3,21.8,31.1,31.1,8.8,6,1,0.2990353697749196,12,0,0,12,1,1.8833086418141132,0.7578991516541628,G213,non-FFH,G213,8,yes,no,non-FFH
